dataset_type,window_id,train_start,train_end,test_start,test_end,generation,min_impulse_candles,max_duration_ms,diagonal_imbalance_ratio_threshold,min_imbalance_count,take_profit_ticks,stop_loss_ticks,fitness,number_of_trades,net_profit,gross_profit,gross_loss,profit_factor,max_drawdown,win_rate,expectancy,biggest_loss,longest_losing_streak
train,1,0,86986,86986,125287,0,12,246,10.0,4,23,20,222.0,2,222.0,222.0,0.0,inf,0.0,1.0,111.0,0.0,0
test,1,0,86986,86986,125287,0,12,246,10.0,4,23,20,-981.0,3,-327.0,0.0,327.0,0.0,327.0,0.0,-109.0,109.0,3
train,1,0,86986,86986,125287,1,12,524,6.75,1,27,3,321.0,6,321.0,393.0,72.0,5.458333333333333,48.0,0.5,53.5,24.0,2
test,1,0,86986,86986,125287,1,12,524,6.75,1,27,3,210.0,10,70.0,262.0,192.0,1.3645833333333333,144.0,0.2,7.0,24.0,6
train,1,0,86986,86986,125287,2,13,524,8.0,8,27,22,262.0,2,262.0,262.0,0.0,inf,0.0,1.0,131.0,0.0,0
test,1,0,86986,86986,125287,2,13,524,8.0,8,27,22,-1071.0,3,-357.0,0.0,357.0,0.0,357.0,0.0,-119.0,119.0,3
train,1,0,86986,86986,125287,3,15,2493,4.5,2,16,6,228.0,3,228.0,228.0,0.0,inf,0.0,1.0,76.0,0.0,0
test,1,0,86986,86986,125287,3,15,2493,4.5,2,16,6,99.0,8,33.0,228.0,195.0,1.1692307692307693,156.0,0.375,4.125,39.0,4
train,1,0,86986,86986,125287,4,12,524,6.5,5,27,6,276.0,6,276.0,393.0,117.0,3.358974358974359,78.0,0.5,46.0,39.0,2
test,1,0,86986,86986,125287,4,12,524,6.5,5,27,6,-150.0,10,-50.0,262.0,312.0,0.8397435897435898,234.0,0.2,-5.0,39.0,6
train,1,0,86986,86986,125287,5,12,2879,10.0,4,23,2,295.0,5,295.0,333.0,38.0,8.763157894736842,38.0,0.6,59.0,19.0,2
test,1,0,86986,86986,125287,5,12,2879,10.0,4,23,2,267.0,9,89.0,222.0,133.0,1.669172932330827,133.0,0.2222222222222222,9.88888888888889,19.0,7
train,1,0,86986,86986,125287,6,13,1805,10.0,2,23,2,257.0,7,257.0,333.0,76.0,4.381578947368421,38.0,0.42857142857142855,36.714285714285715,19.0,2
test,1,0,86986,86986,125287,6,13,1805,10.0,2,23,2,933.0,11,311.0,444.0,133.0,3.338345864661654,76.0,0.36363636363636365,28.272727272727273,19.0,4
train,1,0,86986,86986,125287,7,12,679,3.5,5,27,2,298.0,8,298.0,393.0,95.0,4.136842105263158,57.0,0.375,37.25,19.0,3
test,1,0,86986,86986,125287,7,12,679,3.5,5,27,2,330.0,10,110.0,262.0,152.0,1.7236842105263157,114.0,0.2,11.0,19.0,6
train,1,0,86986,86986,125287,8,12,679,6.75,5,27,2,317.0,7,317.0,393.0,76.0,5.171052631578948,38.0,0.42857142857142855,45.285714285714285,19.0,2
test,1,0,86986,86986,125287,8,12,679,6.75,5,27,2,330.0,10,110.0,262.0,152.0,1.7236842105263157,114.0,0.2,11.0,19.0,6
train,1,0,86986,86986,125287,9,12,679,6.5,5,27,2,317.0,7,317.0,393.0,76.0,5.171052631578948,38.0,0.42857142857142855,45.285714285714285,19.0,2
test,1,0,86986,86986,125287,9,12,679,6.5,5,27,2,330.0,10,110.0,262.0,152.0,1.7236842105263157,114.0,0.2,11.0,19.0,6
train,1,0,86986,86986,125287,10,12,679,3.75,6,27,2,317.0,7,317.0,393.0,76.0,5.171052631578948,38.0,0.42857142857142855,45.285714285714285,19.0,2
test,1,0,86986,86986,125287,10,12,679,3.75,6,27,2,330.0,10,110.0,262.0,152.0,1.7236842105263157,114.0,0.2,11.0,19.0,6
train,1,0,86986,86986,125287,11,12,482,3.75,6,27,2,336.0,6,336.0,393.0,57.0,6.894736842105263,38.0,0.5,56.0,19.0,2
test,1,0,86986,86986,125287,11,12,482,3.75,6,27,2,330.0,10,110.0,262.0,152.0,1.7236842105263157,114.0,0.2,11.0,19.0,6
train,1,0,86986,86986,125287,12,12,482,3.75,3,27,2,336.0,6,336.0,393.0,57.0,6.894736842105263,38.0,0.5,56.0,19.0,2
test,1,0,86986,86986,125287,12,12,482,3.75,3,27,2,330.0,10,110.0,262.0,152.0,1.7236842105263157,114.0,0.2,11.0,19.0,6
train,1,0,86986,86986,125287,13,13,497,8.25,4,23,2,295.0,5,295.0,333.0,38.0,8.763157894736842,19.0,0.6,59.0,19.0,1
test,1,0,86986,86986,125287,13,13,497,8.25,4,23,2,-66.0,8,-22.0,111.0,133.0,0.8345864661654135,95.0,0.125,-2.75,19.0,5
train,1,0,86986,86986,125287,14,12,482,3.75,3,27,3,321.0,6,321.0,393.0,72.0,5.458333333333333,48.0,0.5,53.5,24.0,2
test,1,0,86986,86986,125287,14,12,482,3.75,3,27,3,210.0,10,70.0,262.0,192.0,1.3645833333333333,144.0,0.2,7.0,24.0,6
train,1,0,86986,86986,125287,15,12,524,3.75,3,27,3,321.0,6,321.0,393.0,72.0,5.458333333333333,48.0,0.5,53.5,24.0,2
test,1,0,86986,86986,125287,15,12,524,3.75,3,27,3,138.0,11,46.0,262.0,216.0,1.212962962962963,144.0,0.18181818181818182,4.181818181818182,24.0,6
train,1,0,86986,86986,125287,16,13,497,9.0,5,23,3,309.0,4,309.0,333.0,24.0,13.875,24.0,0.75,77.25,24.0,1
test,1,0,86986,86986,125287,16,13,497,9.0,5,23,3,-360.0,5,-120.0,0.0,120.0,0.0,120.0,0.0,-24.0,24.0,5
train,1,0,86986,86986,125287,17,13,497,9.0,5,23,5,299.0,4,299.0,333.0,34.0,9.794117647058824,34.0,0.75,74.75,34.0,1
test,1,0,86986,86986,125287,17,13,497,9.0,5,23,5,-510.0,5,-170.0,0.0,170.0,0.0,170.0,0.0,-34.0,34.0,5
train,1,0,86986,86986,125287,18,13,679,9.0,5,23,5,299.0,4,299.0,333.0,34.0,9.794117647058824,34.0,0.75,74.75,34.0,1
test,1,0,86986,86986,125287,18,13,679,9.0,5,23,5,-510.0,5,-170.0,0.0,170.0,0.0,170.0,0.0,-34.0,34.0,5
train,1,0,86986,86986,125287,19,13,497,9.0,5,23,2,314.0,4,314.0,333.0,19.0,17.526315789473685,19.0,0.75,78.5,19.0,1
test,1,0,86986,86986,125287,19,13,497,9.0,5,23,2,-285.0,5,-95.0,0.0,95.0,0.0,95.0,0.0,-19.0,19.0,5
train,1,0,86986,86986,125287,20,13,536,9.0,5,23,2,314.0,4,314.0,333.0,19.0,17.526315789473685,19.0,0.75,78.5,19.0,1
test,1,0,86986,86986,125287,20,13,536,9.0,5,23,2,-285.0,5,-95.0,0.0,95.0,0.0,95.0,0.0,-19.0,19.0,5
train,1,0,86986,86986,125287,21,13,497,9.0,5,23,2,314.0,4,314.0,333.0,19.0,17.526315789473685,19.0,0.75,78.5,19.0,1
test,1,0,86986,86986,125287,21,13,497,9.0,5,23,2,-285.0,5,-95.0,0.0,95.0,0.0,95.0,0.0,-19.0,19.0,5
train,1,0,86986,86986,125287,22,13,497,9.25,5,23,2,314.0,4,314.0,333.0,19.0,17.526315789473685,19.0,0.75,78.5,19.0,1
test,1,0,86986,86986,125287,22,13,497,9.25,5,23,2,-285.0,5,-95.0,0.0,95.0,0.0,95.0,0.0,-19.0,19.0,5
train,1,0,86986,86986,125287,23,13,497,9.0,5,23,2,314.0,4,314.0,333.0,19.0,17.526315789473685,19.0,0.75,78.5,19.0,1
test,1,0,86986,86986,125287,23,13,497,9.0,5,23,2,-285.0,5,-95.0,0.0,95.0,0.0,95.0,0.0,-19.0,19.0,5
train,1,0,86986,86986,125287,24,13,497,9.0,5,23,2,314.0,4,314.0,333.0,19.0,17.526315789473685,19.0,0.75,78.5,19.0,1
test,1,0,86986,86986,125287,24,13,497,9.0,5,23,2,-285.0,5,-95.0,0.0,95.0,0.0,95.0,0.0,-19.0,19.0,5
train,1,0,86986,86986,125287,25,13,497,9.0,5,23,2,314.0,4,314.0,333.0,19.0,17.526315789473685,19.0,0.75,78.5,19.0,1
test,1,0,86986,86986,125287,25,13,497,9.0,5,23,2,-285.0,5,-95.0,0.0,95.0,0.0,95.0,0.0,-19.0,19.0,5
train,1,0,86986,86986,125287,26,13,497,9.0,5,23,2,314.0,4,314.0,333.0,19.0,17.526315789473685,19.0,0.75,78.5,19.0,1
test,1,0,86986,86986,125287,26,13,497,9.0,5,23,2,-285.0,5,-95.0,0.0,95.0,0.0,95.0,0.0,-19.0,19.0,5
train,1,0,86986,86986,125287,27,13,497,9.0,5,23,2,314.0,4,314.0,333.0,19.0,17.526315789473685,19.0,0.75,78.5,19.0,1
test,1,0,86986,86986,125287,27,13,497,9.0,5,23,2,-285.0,5,-95.0,0.0,95.0,0.0,95.0,0.0,-19.0,19.0,5
train,1,0,86986,86986,125287,28,13,511,9.0,5,23,2,314.0,4,314.0,333.0,19.0,17.526315789473685,19.0,0.75,78.5,19.0,1
test,1,0,86986,86986,125287,28,13,511,9.0,5,23,2,-285.0,5,-95.0,0.0,95.0,0.0,95.0,0.0,-19.0,19.0,5
train,1,0,86986,86986,125287,29,13,524,9.0,5,23,2,314.0,4,314.0,333.0,19.0,17.526315789473685,19.0,0.75,78.5,19.0,1
test,1,0,86986,86986,125287,29,13,524,9.0,5,23,2,-285.0,5,-95.0,0.0,95.0,0.0,95.0,0.0,-19.0,19.0,5
train,1,0,86986,86986,125287,30,13,497,9.0,5,23,2,314.0,4,314.0,333.0,19.0,17.526315789473685,19.0,0.75,78.5,19.0,1
test,1,0,86986,86986,125287,30,13,497,9.0,5,23,2,-285.0,5,-95.0,0.0,95.0,0.0,95.0,0.0,-19.0,19.0,5
train,1,0,86986,86986,125287,31,13,497,9.0,5,23,2,314.0,4,314.0,333.0,19.0,17.526315789473685,19.0,0.75,78.5,19.0,1
test,1,0,86986,86986,125287,31,13,497,9.0,5,23,2,-285.0,5,-95.0,0.0,95.0,0.0,95.0,0.0,-19.0,19.0,5
train,1,0,86986,86986,125287,32,13,524,9.0,5,23,2,314.0,4,314.0,333.0,19.0,17.526315789473685,19.0,0.75,78.5,19.0,1
test,1,0,86986,86986,125287,32,13,524,9.0,5,23,2,-285.0,5,-95.0,0.0,95.0,0.0,95.0,0.0,-19.0,19.0,5
train,1,0,86986,86986,125287,33,13,497,9.0,5,23,2,314.0,4,314.0,333.0,19.0,17.526315789473685,19.0,0.75,78.5,19.0,1
test,1,0,86986,86986,125287,33,13,497,9.0,5,23,2,-285.0,5,-95.0,0.0,95.0,0.0,95.0,0.0,-19.0,19.0,5
train,1,0,86986,86986,125287,34,13,524,9.0,5,23,2,314.0,4,314.0,333.0,19.0,17.526315789473685,19.0,0.75,78.5,19.0,1
test,1,0,86986,86986,125287,34,13,524,9.0,5,23,2,-285.0,5,-95.0,0.0,95.0,0.0,95.0,0.0,-19.0,19.0,5
train,1,0,86986,86986,125287,35,13,497,9.0,5,23,2,314.0,4,314.0,333.0,19.0,17.526315789473685,19.0,0.75,78.5,19.0,1
test,1,0,86986,86986,125287,35,13,497,9.0,5,23,2,-285.0,5,-95.0,0.0,95.0,0.0,95.0,0.0,-19.0,19.0,5
train,1,0,86986,86986,125287,36,13,629,9.0,5,23,2,314.0,4,314.0,333.0,19.0,17.526315789473685,19.0,0.75,78.5,19.0,1
test,1,0,86986,86986,125287,36,13,629,9.0,5,23,2,-285.0,5,-95.0,0.0,95.0,0.0,95.0,0.0,-19.0,19.0,5
train,1,0,86986,86986,125287,37,12,534,9.0,5,23,2,314.0,4,314.0,333.0,19.0,17.526315789473685,19.0,0.75,78.5,19.0,1
test,1,0,86986,86986,125287,37,12,534,9.0,5,23,2,-285.0,5,-95.0,0.0,95.0,0.0,95.0,0.0,-19.0,19.0,5
train,1,0,86986,86986,125287,38,13,447,9.0,5,23,2,314.0,4,314.0,333.0,19.0,17.526315789473685,19.0,0.75,78.5,19.0,1
test,1,0,86986,86986,125287,38,13,447,9.0,5,23,2,-285.0,5,-95.0,0.0,95.0,0.0,95.0,0.0,-19.0,19.0,5
train,1,0,86986,86986,125287,39,13,477,9.0,5,23,2,314.0,4,314.0,333.0,19.0,17.526315789473685,19.0,0.75,78.5,19.0,1
test,1,0,86986,86986,125287,39,13,477,9.0,5,23,2,-285.0,5,-95.0,0.0,95.0,0.0,95.0,0.0,-19.0,19.0,5
train,1,0,86986,86986,125287,40,13,540,9.0,5,23,2,314.0,4,314.0,333.0,19.0,17.526315789473685,19.0,0.75,78.5,19.0,1
test,1,0,86986,86986,125287,40,13,540,9.0,5,23,2,-285.0,5,-95.0,0.0,95.0,0.0,95.0,0.0,-19.0,19.0,5
train,1,0,86986,86986,125287,41,13,497,9.0,5,23,2,314.0,4,314.0,333.0,19.0,17.526315789473685,19.0,0.75,78.5,19.0,1
test,1,0,86986,86986,125287,41,13,497,9.0,5,23,2,-285.0,5,-95.0,0.0,95.0,0.0,95.0,0.0,-19.0,19.0,5
train,1,0,86986,86986,125287,42,13,516,9.0,5,23,2,314.0,4,314.0,333.0,19.0,17.526315789473685,19.0,0.75,78.5,19.0,1
test,1,0,86986,86986,125287,42,13,516,9.0,5,23,2,-285.0,5,-95.0,0.0,95.0,0.0,95.0,0.0,-19.0,19.0,5
train,1,0,86986,86986,125287,43,13,534,9.25,5,23,2,314.0,4,314.0,333.0,19.0,17.526315789473685,19.0,0.75,78.5,19.0,1
test,1,0,86986,86986,125287,43,13,534,9.25,5,23,2,-285.0,5,-95.0,0.0,95.0,0.0,95.0,0.0,-19.0,19.0,5
train,1,0,86986,86986,125287,44,13,492,9.0,5,23,2,314.0,4,314.0,333.0,19.0,17.526315789473685,19.0,0.75,78.5,19.0,1
test,1,0,86986,86986,125287,44,13,492,9.0,5,23,2,-285.0,5,-95.0,0.0,95.0,0.0,95.0,0.0,-19.0,19.0,5
train,1,0,86986,86986,125287,45,13,497,9.0,5,23,2,314.0,4,314.0,333.0,19.0,17.526315789473685,19.0,0.75,78.5,19.0,1
test,1,0,86986,86986,125287,45,13,497,9.0,5,23,2,-285.0,5,-95.0,0.0,95.0,0.0,95.0,0.0,-19.0,19.0,5
train,1,0,86986,86986,125287,46,13,497,9.0,5,23,2,314.0,4,314.0,333.0,19.0,17.526315789473685,19.0,0.75,78.5,19.0,1
test,1,0,86986,86986,125287,46,13,497,9.0,5,23,2,-285.0,5,-95.0,0.0,95.0,0.0,95.0,0.0,-19.0,19.0,5
train,1,0,86986,86986,125287,47,13,497,9.0,5,23,2,314.0,4,314.0,333.0,19.0,17.526315789473685,19.0,0.75,78.5,19.0,1
test,1,0,86986,86986,125287,47,13,497,9.0,5,23,2,-285.0,5,-95.0,0.0,95.0,0.0,95.0,0.0,-19.0,19.0,5
train,1,0,86986,86986,125287,48,13,487,9.0,5,23,2,314.0,4,314.0,333.0,19.0,17.526315789473685,19.0,0.75,78.5,19.0,1
test,1,0,86986,86986,125287,48,13,487,9.0,5,23,2,-285.0,5,-95.0,0.0,95.0,0.0,95.0,0.0,-19.0,19.0,5
train,1,0,86986,86986,125287,49,12,500,9.25,5,23,2,314.0,4,314.0,333.0,19.0,17.526315789473685,19.0,0.75,78.5,19.0,1
test,1,0,86986,86986,125287,49,12,500,9.25,5,23,2,-285.0,5,-95.0,0.0,95.0,0.0,95.0,0.0,-19.0,19.0,5
train,1,0,86986,86986,125287,50,13,480,9.0,5,23,2,314.0,4,314.0,333.0,19.0,17.526315789473685,19.0,0.75,78.5,19.0,1
test,1,0,86986,86986,125287,50,13,480,9.0,5,23,2,-285.0,5,-95.0,0.0,95.0,0.0,95.0,0.0,-19.0,19.0,5
train,1,0,86986,86986,125287,51,13,500,9.0,5,23,2,314.0,4,314.0,333.0,19.0,17.526315789473685,19.0,0.75,78.5,19.0,1
test,1,0,86986,86986,125287,51,13,500,9.0,5,23,2,-285.0,5,-95.0,0.0,95.0,0.0,95.0,0.0,-19.0,19.0,5
train,1,0,86986,86986,125287,52,13,521,9.25,5,23,2,314.0,4,314.0,333.0,19.0,17.526315789473685,19.0,0.75,78.5,19.0,1
test,1,0,86986,86986,125287,52,13,521,9.25,5,23,2,-285.0,5,-95.0,0.0,95.0,0.0,95.0,0.0,-19.0,19.0,5
train,1,0,86986,86986,125287,53,13,497,9.0,5,23,2,314.0,4,314.0,333.0,19.0,17.526315789473685,19.0,0.75,78.5,19.0,1
test,1,0,86986,86986,125287,53,13,497,9.0,5,23,2,-285.0,5,-95.0,0.0,95.0,0.0,95.0,0.0,-19.0,19.0,5
train,1,0,86986,86986,125287,54,13,497,9.0,5,23,2,314.0,4,314.0,333.0,19.0,17.526315789473685,19.0,0.75,78.5,19.0,1
test,1,0,86986,86986,125287,54,13,497,9.0,5,23,2,-285.0,5,-95.0,0.0,95.0,0.0,95.0,0.0,-19.0,19.0,5
train,1,0,86986,86986,125287,55,12,497,9.5,5,23,2,314.0,4,314.0,333.0,19.0,17.526315789473685,19.0,0.75,78.5,19.0,1
test,1,0,86986,86986,125287,55,12,497,9.5,5,23,2,-285.0,5,-95.0,0.0,95.0,0.0,95.0,0.0,-19.0,19.0,5
train,1,0,86986,86986,125287,56,12,477,9.25,5,23,2,314.0,4,314.0,333.0,19.0,17.526315789473685,19.0,0.75,78.5,19.0,1
test,1,0,86986,86986,125287,56,12,477,9.25,5,23,2,-285.0,5,-95.0,0.0,95.0,0.0,95.0,0.0,-19.0,19.0,5
train,1,0,86986,86986,125287,57,13,503,9.25,5,23,2,314.0,4,314.0,333.0,19.0,17.526315789473685,19.0,0.75,78.5,19.0,1
test,1,0,86986,86986,125287,57,13,503,9.25,5,23,2,-285.0,5,-95.0,0.0,95.0,0.0,95.0,0.0,-19.0,19.0,5
train,1,0,86986,86986,125287,58,13,495,9.0,5,23,2,314.0,4,314.0,333.0,19.0,17.526315789473685,19.0,0.75,78.5,19.0,1
test,1,0,86986,86986,125287,58,13,495,9.0,5,23,2,-285.0,5,-95.0,0.0,95.0,0.0,95.0,0.0,-19.0,19.0,5
train,1,0,86986,86986,125287,59,13,521,9.5,5,23,2,314.0,4,314.0,333.0,19.0,17.526315789473685,19.0,0.75,78.5,19.0,1
test,1,0,86986,86986,125287,59,13,521,9.5,5,23,2,-285.0,5,-95.0,0.0,95.0,0.0,95.0,0.0,-19.0,19.0,5
train,1,0,86986,86986,125287,60,13,538,9.5,5,23,2,314.0,4,314.0,333.0,19.0,17.526315789473685,19.0,0.75,78.5,19.0,1
test,1,0,86986,86986,125287,60,13,538,9.5,5,23,2,-285.0,5,-95.0,0.0,95.0,0.0,95.0,0.0,-19.0,19.0,5
train,1,0,86986,86986,125287,61,13,503,9.0,5,23,2,314.0,4,314.0,333.0,19.0,17.526315789473685,19.0,0.75,78.5,19.0,1
test,1,0,86986,86986,125287,61,13,503,9.0,5,23,2,-285.0,5,-95.0,0.0,95.0,0.0,95.0,0.0,-19.0,19.0,5
train,1,0,86986,86986,125287,62,13,524,9.5,5,23,2,314.0,4,314.0,333.0,19.0,17.526315789473685,19.0,0.75,78.5,19.0,1
test,1,0,86986,86986,125287,62,13,524,9.5,5,23,2,-285.0,5,-95.0,0.0,95.0,0.0,95.0,0.0,-19.0,19.0,5
train,1,0,86986,86986,125287,63,13,471,9.0,5,23,2,314.0,4,314.0,333.0,19.0,17.526315789473685,19.0,0.75,78.5,19.0,1
test,1,0,86986,86986,125287,63,13,471,9.0,5,23,2,-285.0,5,-95.0,0.0,95.0,0.0,95.0,0.0,-19.0,19.0,5
train,1,0,86986,86986,125287,64,13,527,9.0,5,23,2,314.0,4,314.0,333.0,19.0,17.526315789473685,19.0,0.75,78.5,19.0,1
test,1,0,86986,86986,125287,64,13,527,9.0,5,23,2,-285.0,5,-95.0,0.0,95.0,0.0,95.0,0.0,-19.0,19.0,5
train,1,0,86986,86986,125287,65,12,501,9.0,5,23,2,314.0,4,314.0,333.0,19.0,17.526315789473685,19.0,0.75,78.5,19.0,1
test,1,0,86986,86986,125287,65,12,501,9.0,5,23,2,-285.0,5,-95.0,0.0,95.0,0.0,95.0,0.0,-19.0,19.0,5
train,1,0,86986,86986,125287,66,13,495,9.25,5,23,2,314.0,4,314.0,333.0,19.0,17.526315789473685,19.0,0.75,78.5,19.0,1
test,1,0,86986,86986,125287,66,13,495,9.25,5,23,2,-285.0,5,-95.0,0.0,95.0,0.0,95.0,0.0,-19.0,19.0,5
train,1,0,86986,86986,125287,67,12,520,9.25,5,23,2,314.0,4,314.0,333.0,19.0,17.526315789473685,19.0,0.75,78.5,19.0,1
test,1,0,86986,86986,125287,67,12,520,9.25,5,23,2,-285.0,5,-95.0,0.0,95.0,0.0,95.0,0.0,-19.0,19.0,5
train,1,0,86986,86986,125287,68,13,495,9.0,5,23,2,314.0,4,314.0,333.0,19.0,17.526315789473685,19.0,0.75,78.5,19.0,1
test,1,0,86986,86986,125287,68,13,495,9.0,5,23,2,-285.0,5,-95.0,0.0,95.0,0.0,95.0,0.0,-19.0,19.0,5
train,1,0,86986,86986,125287,69,13,501,9.0,5,23,2,314.0,4,314.0,333.0,19.0,17.526315789473685,19.0,0.75,78.5,19.0,1
test,1,0,86986,86986,125287,69,13,501,9.0,5,23,2,-285.0,5,-95.0,0.0,95.0,0.0,95.0,0.0,-19.0,19.0,5
train,1,0,86986,86986,125287,70,13,508,9.25,5,23,2,314.0,4,314.0,333.0,19.0,17.526315789473685,19.0,0.75,78.5,19.0,1
test,1,0,86986,86986,125287,70,13,508,9.25,5,23,2,-285.0,5,-95.0,0.0,95.0,0.0,95.0,0.0,-19.0,19.0,5
train,1,0,86986,86986,125287,71,13,501,9.25,5,23,2,314.0,4,314.0,333.0,19.0,17.526315789473685,19.0,0.75,78.5,19.0,1
test,1,0,86986,86986,125287,71,13,501,9.25,5,23,2,-285.0,5,-95.0,0.0,95.0,0.0,95.0,0.0,-19.0,19.0,5
train,1,0,86986,86986,125287,72,13,501,9.25,5,23,2,314.0,4,314.0,333.0,19.0,17.526315789473685,19.0,0.75,78.5,19.0,1
test,1,0,86986,86986,125287,72,13,501,9.25,5,23,2,-285.0,5,-95.0,0.0,95.0,0.0,95.0,0.0,-19.0,19.0,5
train,1,0,86986,86986,125287,73,13,500,9.5,5,23,2,314.0,4,314.0,333.0,19.0,17.526315789473685,19.0,0.75,78.5,19.0,1
test,1,0,86986,86986,125287,73,13,500,9.5,5,23,2,-285.0,5,-95.0,0.0,95.0,0.0,95.0,0.0,-19.0,19.0,5
train,1,0,86986,86986,125287,74,13,500,9.25,5,23,2,314.0,4,314.0,333.0,19.0,17.526315789473685,19.0,0.75,78.5,19.0,1
test,1,0,86986,86986,125287,74,13,500,9.25,5,23,2,-285.0,5,-95.0,0.0,95.0,0.0,95.0,0.0,-19.0,19.0,5
train,1,0,86986,86986,125287,75,13,530,9.0,5,23,2,314.0,4,314.0,333.0,19.0,17.526315789473685,19.0,0.75,78.5,19.0,1
test,1,0,86986,86986,125287,75,13,530,9.0,5,23,2,-285.0,5,-95.0,0.0,95.0,0.0,95.0,0.0,-19.0,19.0,5
train,1,0,86986,86986,125287,76,13,501,9.0,5,23,2,314.0,4,314.0,333.0,19.0,17.526315789473685,19.0,0.75,78.5,19.0,1
test,1,0,86986,86986,125287,76,13,501,9.0,5,23,2,-285.0,5,-95.0,0.0,95.0,0.0,95.0,0.0,-19.0,19.0,5
train,1,0,86986,86986,125287,77,13,482,9.5,5,23,2,314.0,4,314.0,333.0,19.0,17.526315789473685,19.0,0.75,78.5,19.0,1
test,1,0,86986,86986,125287,77,13,482,9.5,5,23,2,-285.0,5,-95.0,0.0,95.0,0.0,95.0,0.0,-19.0,19.0,5
train,1,0,86986,86986,125287,78,13,470,9.5,5,23,2,314.0,4,314.0,333.0,19.0,17.526315789473685,19.0,0.75,78.5,19.0,1
test,1,0,86986,86986,125287,78,13,470,9.5,5,23,2,-285.0,5,-95.0,0.0,95.0,0.0,95.0,0.0,-19.0,19.0,5
train,1,0,86986,86986,125287,79,13,528,9.75,5,23,2,314.0,4,314.0,333.0,19.0,17.526315789473685,19.0,0.75,78.5,19.0,1
test,1,0,86986,86986,125287,79,13,528,9.75,5,23,2,-285.0,5,-95.0,0.0,95.0,0.0,95.0,0.0,-19.0,19.0,5
train,1,0,86986,86986,125287,80,13,496,9.25,5,23,2,314.0,4,314.0,333.0,19.0,17.526315789473685,19.0,0.75,78.5,19.0,1
test,1,0,86986,86986,125287,80,13,496,9.25,5,23,2,-285.0,5,-95.0,0.0,95.0,0.0,95.0,0.0,-19.0,19.0,5
train,1,0,86986,86986,125287,81,13,423,9.75,5,23,2,314.0,4,314.0,333.0,19.0,17.526315789473685,19.0,0.75,78.5,19.0,1
test,1,0,86986,86986,125287,81,13,423,9.75,5,23,2,-228.0,4,-76.0,0.0,76.0,0.0,76.0,0.0,-19.0,19.0,4
train,1,0,86986,86986,125287,82,13,445,9.5,5,23,2,314.0,4,314.0,333.0,19.0,17.526315789473685,19.0,0.75,78.5,19.0,1
test,1,0,86986,86986,125287,82,13,445,9.5,5,23,2,-285.0,5,-95.0,0.0,95.0,0.0,95.0,0.0,-19.0,19.0,5
train,1,0,86986,86986,125287,83,13,526,9.5,5,23,2,314.0,4,314.0,333.0,19.0,17.526315789473685,19.0,0.75,78.5,19.0,1
test,1,0,86986,86986,125287,83,13,526,9.5,5,23,2,-285.0,5,-95.0,0.0,95.0,0.0,95.0,0.0,-19.0,19.0,5
train,1,0,86986,86986,125287,84,13,496,9.5,5,23,2,314.0,4,314.0,333.0,19.0,17.526315789473685,19.0,0.75,78.5,19.0,1
test,1,0,86986,86986,125287,84,13,496,9.5,5,23,2,-285.0,5,-95.0,0.0,95.0,0.0,95.0,0.0,-19.0,19.0,5
train,1,0,86986,86986,125287,85,13,445,9.5,5,23,2,314.0,4,314.0,333.0,19.0,17.526315789473685,19.0,0.75,78.5,19.0,1
test,1,0,86986,86986,125287,85,13,445,9.5,5,23,2,-285.0,5,-95.0,0.0,95.0,0.0,95.0,0.0,-19.0,19.0,5
train,1,0,86986,86986,125287,86,13,526,9.25,5,23,2,314.0,4,314.0,333.0,19.0,17.526315789473685,19.0,0.75,78.5,19.0,1
test,1,0,86986,86986,125287,86,13,526,9.25,5,23,2,-285.0,5,-95.0,0.0,95.0,0.0,95.0,0.0,-19.0,19.0,5
train,1,0,86986,86986,125287,87,12,528,9.0,5,23,2,314.0,4,314.0,333.0,19.0,17.526315789473685,19.0,0.75,78.5,19.0,1
test,1,0,86986,86986,125287,87,12,528,9.0,5,23,2,-285.0,5,-95.0,0.0,95.0,0.0,95.0,0.0,-19.0,19.0,5
train,1,0,86986,86986,125287,88,12,526,9.25,5,23,2,314.0,4,314.0,333.0,19.0,17.526315789473685,19.0,0.75,78.5,19.0,1
test,1,0,86986,86986,125287,88,12,526,9.25,5,23,2,-285.0,5,-95.0,0.0,95.0,0.0,95.0,0.0,-19.0,19.0,5
train,1,0,86986,86986,125287,89,13,520,9.0,5,23,2,314.0,4,314.0,333.0,19.0,17.526315789473685,19.0,0.75,78.5,19.0,1
test,1,0,86986,86986,125287,89,13,520,9.0,5,23,2,-285.0,5,-95.0,0.0,95.0,0.0,95.0,0.0,-19.0,19.0,5
train,1,0,86986,86986,125287,90,13,496,9.0,5,23,2,314.0,4,314.0,333.0,19.0,17.526315789473685,19.0,0.75,78.5,19.0,1
test,1,0,86986,86986,125287,90,13,496,9.0,5,23,2,-285.0,5,-95.0,0.0,95.0,0.0,95.0,0.0,-19.0,19.0,5
train,1,0,86986,86986,125287,91,13,520,9.5,5,23,2,314.0,4,314.0,333.0,19.0,17.526315789473685,19.0,0.75,78.5,19.0,1
test,1,0,86986,86986,125287,91,13,520,9.5,5,23,2,-285.0,5,-95.0,0.0,95.0,0.0,95.0,0.0,-19.0,19.0,5
train,1,0,86986,86986,125287,92,12,520,9.0,5,23,2,314.0,4,314.0,333.0,19.0,17.526315789473685,19.0,0.75,78.5,19.0,1
test,1,0,86986,86986,125287,92,12,520,9.0,5,23,2,-285.0,5,-95.0,0.0,95.0,0.0,95.0,0.0,-19.0,19.0,5
train,1,0,86986,86986,125287,93,12,409,9.5,5,23,2,314.0,4,314.0,333.0,19.0,17.526315789473685,19.0,0.75,78.5,19.0,1
test,1,0,86986,86986,125287,93,12,409,9.5,5,23,2,-228.0,4,-76.0,0.0,76.0,0.0,76.0,0.0,-19.0,19.0,4
train,1,0,86986,86986,125287,94,13,500,9.0,5,23,2,314.0,4,314.0,333.0,19.0,17.526315789473685,19.0,0.75,78.5,19.0,1
test,1,0,86986,86986,125287,94,13,500,9.0,5,23,2,-285.0,5,-95.0,0.0,95.0,0.0,95.0,0.0,-19.0,19.0,5
train,1,0,86986,86986,125287,95,13,445,9.0,5,23,2,314.0,4,314.0,333.0,19.0,17.526315789473685,19.0,0.75,78.5,19.0,1
test,1,0,86986,86986,125287,95,13,445,9.0,5,23,2,-285.0,5,-95.0,0.0,95.0,0.0,95.0,0.0,-19.0,19.0,5
train,1,0,86986,86986,125287,96,13,496,9.0,5,23,2,314.0,4,314.0,333.0,19.0,17.526315789473685,19.0,0.75,78.5,19.0,1
test,1,0,86986,86986,125287,96,13,496,9.0,5,23,2,-285.0,5,-95.0,0.0,95.0,0.0,95.0,0.0,-19.0,19.0,5
train,1,0,86986,86986,125287,97,12,520,9.0,5,23,2,314.0,4,314.0,333.0,19.0,17.526315789473685,19.0,0.75,78.5,19.0,1
test,1,0,86986,86986,125287,97,12,520,9.0,5,23,2,-285.0,5,-95.0,0.0,95.0,0.0,95.0,0.0,-19.0,19.0,5
train,1,0,86986,86986,125287,98,13,496,9.25,5,23,2,314.0,4,314.0,333.0,19.0,17.526315789473685,19.0,0.75,78.5,19.0,1
test,1,0,86986,86986,125287,98,13,496,9.25,5,23,2,-285.0,5,-95.0,0.0,95.0,0.0,95.0,0.0,-19.0,19.0,5
train,1,0,86986,86986,125287,99,13,500,9.75,5,23,2,314.0,4,314.0,333.0,19.0,17.526315789473685,19.0,0.75,78.5,19.0,1
test,1,0,86986,86986,125287,99,13,500,9.75,5,23,2,-285.0,5,-95.0,0.0,95.0,0.0,95.0,0.0,-19.0,19.0,5
train,1,0,86986,86986,125287,100,13,526,9.0,5,23,2,314.0,4,314.0,333.0,19.0,17.526315789473685,19.0,0.75,78.5,19.0,1
test,1,0,86986,86986,125287,100,13,526,9.0,5,23,2,-285.0,5,-95.0,0.0,95.0,0.0,95.0,0.0,-19.0,19.0,5
train,2,22406,125287,125287,130699,0,13,474,4.75,3,15,5,157.0,17,157.0,497.0,340.0,1.4617647058823529,170.0,0.4117647058823529,9.235294117647058,34.0,5
test,2,22406,125287,125287,130699,0,13,474,4.75,3,15,5,-3000.0,0,0.0,0.0,0.0,inf,0.0,0.0,0.0,0.0,0
train,2,22406,125287,125287,130699,1,6,875,9.0,5,8,2,262.0,47,262.0,756.0,494.0,1.5303643724696356,97.0,0.44680851063829785,5.574468085106383,19.0,5
test,2,22406,125287,125287,130699,1,6,875,9.0,5,8,2,-3000.0,0,0.0,0.0,0.0,inf,0.0,0.0,0.0,0.0,0
train,2,22406,125287,125287,130699,2,6,505,9.0,5,13,2,333.0,33,333.0,732.0,399.0,1.8345864661654134,133.0,0.36363636363636365,10.090909090909092,19.0,7
test,2,22406,125287,125287,130699,2,6,505,9.0,5,13,2,-3000.0,0,0.0,0.0,0.0,inf,0.0,0.0,0.0,0.0,0
train,2,22406,125287,125287,130699,3,13,1654,8.0,5,12,3,320.0,20,320.0,560.0,240.0,2.3333333333333335,72.0,0.5,16.0,24.0,3
test,2,22406,125287,125287,130699,3,13,1654,8.0,5,12,3,-3000.0,0,0.0,0.0,0.0,inf,0.0,0.0,0.0,0.0,0
train,2,22406,125287,125287,130699,4,12,1508,4.75,4,15,2,463.0,23,463.0,710.0,247.0,2.874493927125506,95.0,0.43478260869565216,20.130434782608695,19.0,5
test,2,22406,125287,125287,130699,4,12,1508,4.75,4,15,2,-3000.0,0,0.0,0.0,0.0,inf,0.0,0.0,0.0,0.0,0
train,2,22406,125287,125287,130699,5,12,1508,7.75,4,15,2,463.0,23,463.0,710.0,247.0,2.874493927125506,95.0,0.43478260869565216,20.130434782608695,19.0,5
test,2,22406,125287,125287,130699,5,12,1508,7.75,4,15,2,-3000.0,0,0.0,0.0,0.0,inf,0.0,0.0,0.0,0.0,0
train,2,22406,125287,125287,130699,6,13,1654,9.25,5,13,3,490.0,15,490.0,610.0,120.0,5.083333333333333,48.0,0.6666666666666666,32.666666666666664,24.0,2
test,2,22406,125287,125287,130699,6,13,1654,9.25,5,13,3,-3000.0,0,0.0,0.0,0.0,inf,0.0,0.0,0.0,0.0,0
train,2,22406,125287,125287,130699,7,13,3493,9.0,5,13,2,515.0,15,515.0,610.0,95.0,6.421052631578948,38.0,0.6666666666666666,34.333333333333336,19.0,2
test,2,22406,125287,125287,130699,7,13,3493,9.0,5,13,2,-3000.0,0,0.0,0.0,0.0,inf,0.0,0.0,0.0,0.0,0
train,2,22406,125287,125287,130699,8,13,1508,9.25,5,13,2,515.0,15,515.0,610.0,95.0,6.421052631578948,38.0,0.6666666666666666,34.333333333333336,19.0,2
test,2,22406,125287,125287,130699,8,13,1508,9.25,5,13,2,-3000.0,0,0.0,0.0,0.0,inf,0.0,0.0,0.0,0.0,0
train,2,22406,125287,125287,130699,9,11,1654,9.25,5,13,2,542.0,22,542.0,732.0,190.0,3.8526315789473684,57.0,0.5454545454545454,24.636363636363637,19.0,3
test,2,22406,125287,125287,130699,9,11,1654,9.25,5,13,2,-3000.0,0,0.0,0.0,0.0,inf,0.0,0.0,0.0,0.0,0
train,2,22406,125287,125287,130699,10,11,1654,9.5,5,13,2,542.0,22,542.0,732.0,190.0,3.8526315789473684,57.0,0.5454545454545454,24.636363636363637,19.0,3
test,2,22406,125287,125287,130699,10,11,1654,9.5,5,13,2,-3000.0,0,0.0,0.0,0.0,inf,0.0,0.0,0.0,0.0,0
train,2,22406,125287,125287,130699,11,11,1654,9.25,5,13,2,542.0,22,542.0,732.0,190.0,3.8526315789473684,57.0,0.5454545454545454,24.636363636363637,19.0,3
test,2,22406,125287,125287,130699,11,11,1654,9.25,5,13,2,-3000.0,0,0.0,0.0,0.0,inf,0.0,0.0,0.0,0.0,0
train,2,22406,125287,125287,130699,12,11,1654,9.25,5,13,2,542.0,22,542.0,732.0,190.0,3.8526315789473684,57.0,0.5454545454545454,24.636363636363637,19.0,3
test,2,22406,125287,125287,130699,12,11,1654,9.25,5,13,2,-3000.0,0,0.0,0.0,0.0,inf,0.0,0.0,0.0,0.0,0
train,2,22406,125287,125287,130699,13,11,1372,9.25,5,13,2,561.0,21,561.0,732.0,171.0,4.280701754385965,57.0,0.5714285714285714,26.714285714285715,19.0,3
test,2,22406,125287,125287,130699,13,11,1372,9.25,5,13,2,-3000.0,0,0.0,0.0,0.0,inf,0.0,0.0,0.0,0.0,0
train,2,22406,125287,125287,130699,14,11,1447,9.25,5,13,2,561.0,21,561.0,732.0,171.0,4.280701754385965,57.0,0.5714285714285714,26.714285714285715,19.0,3
test,2,22406,125287,125287,130699,14,11,1447,9.25,5,13,2,-3000.0,0,0.0,0.0,0.0,inf,0.0,0.0,0.0,0.0,0
train,2,22406,125287,125287,130699,15,11,1372,9.25,5,13,2,561.0,21,561.0,732.0,171.0,4.280701754385965,57.0,0.5714285714285714,26.714285714285715,19.0,3
test,2,22406,125287,125287,130699,15,11,1372,9.25,5,13,2,-3000.0,0,0.0,0.0,0.0,inf,0.0,0.0,0.0,0.0,0
train,2,22406,125287,125287,130699,16,11,1372,9.25,5,13,2,561.0,21,561.0,732.0,171.0,4.280701754385965,57.0,0.5714285714285714,26.714285714285715,19.0,3
test,2,22406,125287,125287,130699,16,11,1372,9.25,5,13,2,-3000.0,0,0.0,0.0,0.0,inf,0.0,0.0,0.0,0.0,0
train,2,22406,125287,125287,130699,17,11,1447,9.5,5,13,2,561.0,21,561.0,732.0,171.0,4.280701754385965,57.0,0.5714285714285714,26.714285714285715,19.0,3
test,2,22406,125287,125287,130699,17,11,1447,9.5,5,13,2,-3000.0,0,0.0,0.0,0.0,inf,0.0,0.0,0.0,0.0,0
train,2,22406,125287,125287,130699,18,11,1447,9.5,5,13,2,561.0,21,561.0,732.0,171.0,4.280701754385965,57.0,0.5714285714285714,26.714285714285715,19.0,3
test,2,22406,125287,125287,130699,18,11,1447,9.5,5,13,2,-3000.0,0,0.0,0.0,0.0,inf,0.0,0.0,0.0,0.0,0
train,2,22406,125287,125287,130699,19,11,1372,9.25,5,13,2,561.0,21,561.0,732.0,171.0,4.280701754385965,57.0,0.5714285714285714,26.714285714285715,19.0,3
test,2,22406,125287,125287,130699,19,11,1372,9.25,5,13,2,-3000.0,0,0.0,0.0,0.0,inf,0.0,0.0,0.0,0.0,0
train,2,22406,125287,125287,130699,20,11,1447,9.0,5,13,2,561.0,21,561.0,732.0,171.0,4.280701754385965,57.0,0.5714285714285714,26.714285714285715,19.0,3
test,2,22406,125287,125287,130699,20,11,1447,9.0,5,13,2,-3000.0,0,0.0,0.0,0.0,inf,0.0,0.0,0.0,0.0,0
train,2,22406,125287,125287,130699,21,11,1447,9.0,5,13,2,561.0,21,561.0,732.0,171.0,4.280701754385965,57.0,0.5714285714285714,26.714285714285715,19.0,3
test,2,22406,125287,125287,130699,21,11,1447,9.0,5,13,2,-3000.0,0,0.0,0.0,0.0,inf,0.0,0.0,0.0,0.0,0
train,2,22406,125287,125287,130699,22,11,1372,9.5,5,13,2,561.0,21,561.0,732.0,171.0,4.280701754385965,57.0,0.5714285714285714,26.714285714285715,19.0,3
test,2,22406,125287,125287,130699,22,11,1372,9.5,5,13,2,-3000.0,0,0.0,0.0,0.0,inf,0.0,0.0,0.0,0.0,0
train,2,22406,125287,125287,130699,23,11,1372,9.25,5,13,2,561.0,21,561.0,732.0,171.0,4.280701754385965,57.0,0.5714285714285714,26.714285714285715,19.0,3
test,2,22406,125287,125287,130699,23,11,1372,9.25,5,13,2,-3000.0,0,0.0,0.0,0.0,inf,0.0,0.0,0.0,0.0,0
train,2,22406,125287,125287,130699,24,11,1372,9.0,5,13,2,561.0,21,561.0,732.0,171.0,4.280701754385965,57.0,0.5714285714285714,26.714285714285715,19.0,3
test,2,22406,125287,125287,130699,24,11,1372,9.0,5,13,2,-3000.0,0,0.0,0.0,0.0,inf,0.0,0.0,0.0,0.0,0
train,2,22406,125287,125287,130699,25,11,1372,9.25,5,13,2,561.0,21,561.0,732.0,171.0,4.280701754385965,57.0,0.5714285714285714,26.714285714285715,19.0,3
test,2,22406,125287,125287,130699,25,11,1372,9.25,5,13,2,-3000.0,0,0.0,0.0,0.0,inf,0.0,0.0,0.0,0.0,0
train,2,22406,125287,125287,130699,26,11,1372,9.25,5,13,2,561.0,21,561.0,732.0,171.0,4.280701754385965,57.0,0.5714285714285714,26.714285714285715,19.0,3
test,2,22406,125287,125287,130699,26,11,1372,9.25,5,13,2,-3000.0,0,0.0,0.0,0.0,inf,0.0,0.0,0.0,0.0,0
train,2,22406,125287,125287,130699,27,11,1447,9.25,5,13,2,561.0,21,561.0,732.0,171.0,4.280701754385965,57.0,0.5714285714285714,26.714285714285715,19.0,3
test,2,22406,125287,125287,130699,27,11,1447,9.25,5,13,2,-3000.0,0,0.0,0.0,0.0,inf,0.0,0.0,0.0,0.0,0
train,2,22406,125287,125287,130699,28,11,1372,9.25,5,13,2,561.0,21,561.0,732.0,171.0,4.280701754385965,57.0,0.5714285714285714,26.714285714285715,19.0,3
test,2,22406,125287,125287,130699,28,11,1372,9.25,5,13,2,-3000.0,0,0.0,0.0,0.0,inf,0.0,0.0,0.0,0.0,0
train,2,22406,125287,125287,130699,29,11,1447,9.5,5,13,2,561.0,21,561.0,732.0,171.0,4.280701754385965,57.0,0.5714285714285714,26.714285714285715,19.0,3
test,2,22406,125287,125287,130699,29,11,1447,9.5,5,13,2,-3000.0,0,0.0,0.0,0.0,inf,0.0,0.0,0.0,0.0,0
train,2,22406,125287,125287,130699,30,11,1372,9.0,5,13,2,561.0,21,561.0,732.0,171.0,4.280701754385965,57.0,0.5714285714285714,26.714285714285715,19.0,3
test,2,22406,125287,125287,130699,30,11,1372,9.0,5,13,2,-3000.0,0,0.0,0.0,0.0,inf,0.0,0.0,0.0,0.0,0
train,2,22406,125287,125287,130699,31,11,1447,9.75,5,13,2,561.0,21,561.0,732.0,171.0,4.280701754385965,57.0,0.5714285714285714,26.714285714285715,19.0,3
test,2,22406,125287,125287,130699,31,11,1447,9.75,5,13,2,-3000.0,0,0.0,0.0,0.0,inf,0.0,0.0,0.0,0.0,0
train,2,22406,125287,125287,130699,32,11,1447,9.25,5,13,2,561.0,21,561.0,732.0,171.0,4.280701754385965,57.0,0.5714285714285714,26.714285714285715,19.0,3
test,2,22406,125287,125287,130699,32,11,1447,9.25,5,13,2,-3000.0,0,0.0,0.0,0.0,inf,0.0,0.0,0.0,0.0,0
train,2,22406,125287,125287,130699,33,11,1432,9.0,5,13,2,561.0,21,561.0,732.0,171.0,4.280701754385965,57.0,0.5714285714285714,26.714285714285715,19.0,3
test,2,22406,125287,125287,130699,33,11,1432,9.0,5,13,2,-3000.0,0,0.0,0.0,0.0,inf,0.0,0.0,0.0,0.0,0
train,2,22406,125287,125287,130699,34,11,1330,9.25,5,13,2,561.0,21,561.0,732.0,171.0,4.280701754385965,57.0,0.5714285714285714,26.714285714285715,19.0,3
test,2,22406,125287,125287,130699,34,11,1330,9.25,5,13,2,-3000.0,0,0.0,0.0,0.0,inf,0.0,0.0,0.0,0.0,0
train,2,22406,125287,125287,130699,35,11,1372,9.25,5,13,2,561.0,21,561.0,732.0,171.0,4.280701754385965,57.0,0.5714285714285714,26.714285714285715,19.0,3
test,2,22406,125287,125287,130699,35,11,1372,9.25,5,13,2,-3000.0,0,0.0,0.0,0.0,inf,0.0,0.0,0.0,0.0,0
train,2,22406,125287,125287,130699,36,11,1385,9.5,5,13,2,561.0,21,561.0,732.0,171.0,4.280701754385965,57.0,0.5714285714285714,26.714285714285715,19.0,3
test,2,22406,125287,125287,130699,36,11,1385,9.5,5,13,2,-3000.0,0,0.0,0.0,0.0,inf,0.0,0.0,0.0,0.0,0
train,2,22406,125287,125287,130699,37,11,1418,9.25,5,13,2,561.0,21,561.0,732.0,171.0,4.280701754385965,57.0,0.5714285714285714,26.714285714285715,19.0,3
test,2,22406,125287,125287,130699,37,11,1418,9.25,5,13,2,-3000.0,0,0.0,0.0,0.0,inf,0.0,0.0,0.0,0.0,0
train,2,22406,125287,125287,130699,38,11,1447,9.0,5,13,2,561.0,21,561.0,732.0,171.0,4.280701754385965,57.0,0.5714285714285714,26.714285714285715,19.0,3
test,2,22406,125287,125287,130699,38,11,1447,9.0,5,13,2,-3000.0,0,0.0,0.0,0.0,inf,0.0,0.0,0.0,0.0,0
train,2,22406,125287,125287,130699,39,11,1385,9.5,5,13,2,561.0,21,561.0,732.0,171.0,4.280701754385965,57.0,0.5714285714285714,26.714285714285715,19.0,3
test,2,22406,125287,125287,130699,39,11,1385,9.5,5,13,2,-3000.0,0,0.0,0.0,0.0,inf,0.0,0.0,0.0,0.0,0
train,2,22406,125287,125287,130699,40,11,1447,9.75,5,13,2,561.0,21,561.0,732.0,171.0,4.280701754385965,57.0,0.5714285714285714,26.714285714285715,19.0,3
test,2,22406,125287,125287,130699,40,11,1447,9.75,5,13,2,-3000.0,0,0.0,0.0,0.0,inf,0.0,0.0,0.0,0.0,0
train,2,22406,125287,125287,130699,41,11,1447,9.25,5,13,2,561.0,21,561.0,732.0,171.0,4.280701754385965,57.0,0.5714285714285714,26.714285714285715,19.0,3
test,2,22406,125287,125287,130699,41,11,1447,9.25,5,13,2,-3000.0,0,0.0,0.0,0.0,inf,0.0,0.0,0.0,0.0,0
train,2,22406,125287,125287,130699,42,11,1447,9.0,5,13,2,561.0,21,561.0,732.0,171.0,4.280701754385965,57.0,0.5714285714285714,26.714285714285715,19.0,3
test,2,22406,125287,125287,130699,42,11,1447,9.0,5,13,2,-3000.0,0,0.0,0.0,0.0,inf,0.0,0.0,0.0,0.0,0
train,2,22406,125287,125287,130699,43,11,1385,9.25,5,13,2,561.0,21,561.0,732.0,171.0,4.280701754385965,57.0,0.5714285714285714,26.714285714285715,19.0,3
test,2,22406,125287,125287,130699,43,11,1385,9.25,5,13,2,-3000.0,0,0.0,0.0,0.0,inf,0.0,0.0,0.0,0.0,0
train,2,22406,125287,125287,130699,44,11,1447,9.0,5,13,2,561.0,21,561.0,732.0,171.0,4.280701754385965,57.0,0.5714285714285714,26.714285714285715,19.0,3
test,2,22406,125287,125287,130699,44,11,1447,9.0,5,13,2,-3000.0,0,0.0,0.0,0.0,inf,0.0,0.0,0.0,0.0,0
train,2,22406,125287,125287,130699,45,11,1447,9.5,5,13,2,561.0,21,561.0,732.0,171.0,4.280701754385965,57.0,0.5714285714285714,26.714285714285715,19.0,3
test,2,22406,125287,125287,130699,45,11,1447,9.5,5,13,2,-3000.0,0,0.0,0.0,0.0,inf,0.0,0.0,0.0,0.0,0
train,2,22406,125287,125287,130699,46,11,1418,9.0,5,13,2,561.0,21,561.0,732.0,171.0,4.280701754385965,57.0,0.5714285714285714,26.714285714285715,19.0,3
test,2,22406,125287,125287,130699,46,11,1418,9.0,5,13,2,-3000.0,0,0.0,0.0,0.0,inf,0.0,0.0,0.0,0.0,0
train,2,22406,125287,125287,130699,47,11,1447,9.25,5,13,2,561.0,21,561.0,732.0,171.0,4.280701754385965,57.0,0.5714285714285714,26.714285714285715,19.0,3
test,2,22406,125287,125287,130699,47,11,1447,9.25,5,13,2,-3000.0,0,0.0,0.0,0.0,inf,0.0,0.0,0.0,0.0,0
train,2,22406,125287,125287,130699,48,11,1418,9.0,5,13,2,561.0,21,561.0,732.0,171.0,4.280701754385965,57.0,0.5714285714285714,26.714285714285715,19.0,3
test,2,22406,125287,125287,130699,48,11,1418,9.0,5,13,2,-3000.0,0,0.0,0.0,0.0,inf,0.0,0.0,0.0,0.0,0
train,2,22406,125287,125287,130699,49,11,1418,9.25,5,13,2,561.0,21,561.0,732.0,171.0,4.280701754385965,57.0,0.5714285714285714,26.714285714285715,19.0,3
test,2,22406,125287,125287,130699,49,11,1418,9.25,5,13,2,-3000.0,0,0.0,0.0,0.0,inf,0.0,0.0,0.0,0.0,0
train,2,22406,125287,125287,130699,50,11,1318,9.0,5,13,2,561.0,21,561.0,732.0,171.0,4.280701754385965,57.0,0.5714285714285714,26.714285714285715,19.0,3
test,2,22406,125287,125287,130699,50,11,1318,9.0,5,13,2,-3000.0,0,0.0,0.0,0.0,inf,0.0,0.0,0.0,0.0,0
train,2,22406,125287,125287,130699,51,11,1447,9.5,5,13,2,561.0,21,561.0,732.0,171.0,4.280701754385965,57.0,0.5714285714285714,26.714285714285715,19.0,3
test,2,22406,125287,125287,130699,51,11,1447,9.5,5,13,2,-3000.0,0,0.0,0.0,0.0,inf,0.0,0.0,0.0,0.0,0
train,2,22406,125287,125287,130699,52,11,1318,9.25,5,13,2,561.0,21,561.0,732.0,171.0,4.280701754385965,57.0,0.5714285714285714,26.714285714285715,19.0,3
test,2,22406,125287,125287,130699,52,11,1318,9.25,5,13,2,-3000.0,0,0.0,0.0,0.0,inf,0.0,0.0,0.0,0.0,0
train,2,22406,125287,125287,130699,53,11,1389,9.25,5,13,2,561.0,21,561.0,732.0,171.0,4.280701754385965,57.0,0.5714285714285714,26.714285714285715,19.0,3
test,2,22406,125287,125287,130699,53,11,1389,9.25,5,13,2,-3000.0,0,0.0,0.0,0.0,inf,0.0,0.0,0.0,0.0,0
train,2,22406,125287,125287,130699,54,11,1403,9.0,5,13,2,561.0,21,561.0,732.0,171.0,4.280701754385965,57.0,0.5714285714285714,26.714285714285715,19.0,3
test,2,22406,125287,125287,130699,54,11,1403,9.0,5,13,2,-3000.0,0,0.0,0.0,0.0,inf,0.0,0.0,0.0,0.0,0
train,2,22406,125287,125287,130699,55,11,1316,9.5,5,13,2,561.0,21,561.0,732.0,171.0,4.280701754385965,57.0,0.5714285714285714,26.714285714285715,19.0,3
test,2,22406,125287,125287,130699,55,11,1316,9.5,5,13,2,-3000.0,0,0.0,0.0,0.0,inf,0.0,0.0,0.0,0.0,0
train,2,22406,125287,125287,130699,56,11,1447,9.25,5,13,2,561.0,21,561.0,732.0,171.0,4.280701754385965,57.0,0.5714285714285714,26.714285714285715,19.0,3
test,2,22406,125287,125287,130699,56,11,1447,9.25,5,13,2,-3000.0,0,0.0,0.0,0.0,inf,0.0,0.0,0.0,0.0,0
train,2,22406,125287,125287,130699,57,11,1447,9.5,5,13,2,561.0,21,561.0,732.0,171.0,4.280701754385965,57.0,0.5714285714285714,26.714285714285715,19.0,3
test,2,22406,125287,125287,130699,57,11,1447,9.5,5,13,2,-3000.0,0,0.0,0.0,0.0,inf,0.0,0.0,0.0,0.0,0
train,2,22406,125287,125287,130699,58,11,1389,9.0,5,13,2,561.0,21,561.0,732.0,171.0,4.280701754385965,57.0,0.5714285714285714,26.714285714285715,19.0,3
test,2,22406,125287,125287,130699,58,11,1389,9.0,5,13,2,-3000.0,0,0.0,0.0,0.0,inf,0.0,0.0,0.0,0.0,0
train,2,22406,125287,125287,130699,59,11,1447,9.0,5,13,2,561.0,21,561.0,732.0,171.0,4.280701754385965,57.0,0.5714285714285714,26.714285714285715,19.0,3
test,2,22406,125287,125287,130699,59,11,1447,9.0,5,13,2,-3000.0,0,0.0,0.0,0.0,inf,0.0,0.0,0.0,0.0,0
train,2,22406,125287,125287,130699,60,11,1389,9.5,5,13,2,561.0,21,561.0,732.0,171.0,4.280701754385965,57.0,0.5714285714285714,26.714285714285715,19.0,3
test,2,22406,125287,125287,130699,60,11,1389,9.5,5,13,2,-3000.0,0,0.0,0.0,0.0,inf,0.0,0.0,0.0,0.0,0
train,2,22406,125287,125287,130699,61,11,1447,9.0,5,13,2,561.0,21,561.0,732.0,171.0,4.280701754385965,57.0,0.5714285714285714,26.714285714285715,19.0,3
test,2,22406,125287,125287,130699,61,11,1447,9.0,5,13,2,-3000.0,0,0.0,0.0,0.0,inf,0.0,0.0,0.0,0.0,0
train,2,22406,125287,125287,130699,62,11,1389,9.5,5,13,2,561.0,21,561.0,732.0,171.0,4.280701754385965,57.0,0.5714285714285714,26.714285714285715,19.0,3
test,2,22406,125287,125287,130699,62,11,1389,9.5,5,13,2,-3000.0,0,0.0,0.0,0.0,inf,0.0,0.0,0.0,0.0,0
train,2,22406,125287,125287,130699,63,11,1447,9.75,5,13,2,561.0,21,561.0,732.0,171.0,4.280701754385965,57.0,0.5714285714285714,26.714285714285715,19.0,3
test,2,22406,125287,125287,130699,63,11,1447,9.75,5,13,2,-3000.0,0,0.0,0.0,0.0,inf,0.0,0.0,0.0,0.0,0
train,2,22406,125287,125287,130699,64,11,1389,9.75,5,13,2,561.0,21,561.0,732.0,171.0,4.280701754385965,57.0,0.5714285714285714,26.714285714285715,19.0,3
test,2,22406,125287,125287,130699,64,11,1389,9.75,5,13,2,-3000.0,0,0.0,0.0,0.0,inf,0.0,0.0,0.0,0.0,0
train,2,22406,125287,125287,130699,65,11,1389,9.5,5,13,2,561.0,21,561.0,732.0,171.0,4.280701754385965,57.0,0.5714285714285714,26.714285714285715,19.0,3
test,2,22406,125287,125287,130699,65,11,1389,9.5,5,13,2,-3000.0,0,0.0,0.0,0.0,inf,0.0,0.0,0.0,0.0,0
train,2,22406,125287,125287,130699,66,11,1447,9.0,5,13,2,561.0,21,561.0,732.0,171.0,4.280701754385965,57.0,0.5714285714285714,26.714285714285715,19.0,3
test,2,22406,125287,125287,130699,66,11,1447,9.0,5,13,2,-3000.0,0,0.0,0.0,0.0,inf,0.0,0.0,0.0,0.0,0
train,2,22406,125287,125287,130699,67,11,1331,9.5,5,13,2,561.0,21,561.0,732.0,171.0,4.280701754385965,57.0,0.5714285714285714,26.714285714285715,19.0,3
test,2,22406,125287,125287,130699,67,11,1331,9.5,5,13,2,-3000.0,0,0.0,0.0,0.0,inf,0.0,0.0,0.0,0.0,0
train,2,22406,125287,125287,130699,68,11,1447,9.5,5,13,2,561.0,21,561.0,732.0,171.0,4.280701754385965,57.0,0.5714285714285714,26.714285714285715,19.0,3
test,2,22406,125287,125287,130699,68,11,1447,9.5,5,13,2,-3000.0,0,0.0,0.0,0.0,inf,0.0,0.0,0.0,0.0,0
train,2,22406,125287,125287,130699,69,11,1372,9.75,5,13,2,561.0,21,561.0,732.0,171.0,4.280701754385965,57.0,0.5714285714285714,26.714285714285715,19.0,3
test,2,22406,125287,125287,130699,69,11,1372,9.75,5,13,2,-3000.0,0,0.0,0.0,0.0,inf,0.0,0.0,0.0,0.0,0
train,2,22406,125287,125287,130699,70,11,1430,9.25,5,13,2,561.0,21,561.0,732.0,171.0,4.280701754385965,57.0,0.5714285714285714,26.714285714285715,19.0,3
test,2,22406,125287,125287,130699,70,11,1430,9.25,5,13,2,-3000.0,0,0.0,0.0,0.0,inf,0.0,0.0,0.0,0.0,0
train,2,22406,125287,125287,130699,71,11,1331,9.5,5,13,2,561.0,21,561.0,732.0,171.0,4.280701754385965,57.0,0.5714285714285714,26.714285714285715,19.0,3
test,2,22406,125287,125287,130699,71,11,1331,9.5,5,13,2,-3000.0,0,0.0,0.0,0.0,inf,0.0,0.0,0.0,0.0,0
train,2,22406,125287,125287,130699,72,11,1418,9.25,5,13,2,561.0,21,561.0,732.0,171.0,4.280701754385965,57.0,0.5714285714285714,26.714285714285715,19.0,3
test,2,22406,125287,125287,130699,72,11,1418,9.25,5,13,2,-3000.0,0,0.0,0.0,0.0,inf,0.0,0.0,0.0,0.0,0
train,2,22406,125287,125287,130699,73,11,1418,9.25,5,13,2,561.0,21,561.0,732.0,171.0,4.280701754385965,57.0,0.5714285714285714,26.714285714285715,19.0,3
test,2,22406,125287,125287,130699,73,11,1418,9.25,5,13,2,-3000.0,0,0.0,0.0,0.0,inf,0.0,0.0,0.0,0.0,0
train,2,22406,125287,125287,130699,74,11,1447,9.5,5,13,2,561.0,21,561.0,732.0,171.0,4.280701754385965,57.0,0.5714285714285714,26.714285714285715,19.0,3
test,2,22406,125287,125287,130699,74,11,1447,9.5,5,13,2,-3000.0,0,0.0,0.0,0.0,inf,0.0,0.0,0.0,0.0,0
train,2,22406,125287,125287,130699,75,11,1345,9.5,5,13,2,561.0,21,561.0,732.0,171.0,4.280701754385965,57.0,0.5714285714285714,26.714285714285715,19.0,3
test,2,22406,125287,125287,130699,75,11,1345,9.5,5,13,2,-3000.0,0,0.0,0.0,0.0,inf,0.0,0.0,0.0,0.0,0
train,2,22406,125287,125287,130699,76,11,1447,9.0,5,13,2,561.0,21,561.0,732.0,171.0,4.280701754385965,57.0,0.5714285714285714,26.714285714285715,19.0,3
test,2,22406,125287,125287,130699,76,11,1447,9.0,5,13,2,-3000.0,0,0.0,0.0,0.0,inf,0.0,0.0,0.0,0.0,0
train,2,22406,125287,125287,130699,77,11,1447,9.25,5,13,2,561.0,21,561.0,732.0,171.0,4.280701754385965,57.0,0.5714285714285714,26.714285714285715,19.0,3
test,2,22406,125287,125287,130699,77,11,1447,9.25,5,13,2,-3000.0,0,0.0,0.0,0.0,inf,0.0,0.0,0.0,0.0,0
train,2,22406,125287,125287,130699,78,11,1447,9.75,5,13,2,561.0,21,561.0,732.0,171.0,4.280701754385965,57.0,0.5714285714285714,26.714285714285715,19.0,3
test,2,22406,125287,125287,130699,78,11,1447,9.75,5,13,2,-3000.0,0,0.0,0.0,0.0,inf,0.0,0.0,0.0,0.0,0
train,2,22406,125287,125287,130699,79,11,1447,9.0,5,13,2,561.0,21,561.0,732.0,171.0,4.280701754385965,57.0,0.5714285714285714,26.714285714285715,19.0,3
test,2,22406,125287,125287,130699,79,11,1447,9.0,5,13,2,-3000.0,0,0.0,0.0,0.0,inf,0.0,0.0,0.0,0.0,0
train,2,22406,125287,125287,130699,80,11,1417,9.25,5,13,2,561.0,21,561.0,732.0,171.0,4.280701754385965,57.0,0.5714285714285714,26.714285714285715,19.0,3
test,2,22406,125287,125287,130699,80,11,1417,9.25,5,13,2,-3000.0,0,0.0,0.0,0.0,inf,0.0,0.0,0.0,0.0,0
train,2,22406,125287,125287,130699,81,11,1389,9.75,5,13,2,561.0,21,561.0,732.0,171.0,4.280701754385965,57.0,0.5714285714285714,26.714285714285715,19.0,3
test,2,22406,125287,125287,130699,81,11,1389,9.75,5,13,2,-3000.0,0,0.0,0.0,0.0,inf,0.0,0.0,0.0,0.0,0
train,2,22406,125287,125287,130699,82,11,1276,9.5,5,13,2,561.0,21,561.0,732.0,171.0,4.280701754385965,57.0,0.5714285714285714,26.714285714285715,19.0,3
test,2,22406,125287,125287,130699,82,11,1276,9.5,5,13,2,-3000.0,0,0.0,0.0,0.0,inf,0.0,0.0,0.0,0.0,0
train,2,22406,125287,125287,130699,83,11,1447,9.5,5,13,2,561.0,21,561.0,732.0,171.0,4.280701754385965,57.0,0.5714285714285714,26.714285714285715,19.0,3
test,2,22406,125287,125287,130699,83,11,1447,9.5,5,13,2,-3000.0,0,0.0,0.0,0.0,inf,0.0,0.0,0.0,0.0,0
train,2,22406,125287,125287,130699,84,11,1417,9.75,5,13,2,561.0,21,561.0,732.0,171.0,4.280701754385965,57.0,0.5714285714285714,26.714285714285715,19.0,3
test,2,22406,125287,125287,130699,84,11,1417,9.75,5,13,2,-3000.0,0,0.0,0.0,0.0,inf,0.0,0.0,0.0,0.0,0
train,2,22406,125287,125287,130699,85,11,1447,9.25,5,13,2,561.0,21,561.0,732.0,171.0,4.280701754385965,57.0,0.5714285714285714,26.714285714285715,19.0,3
test,2,22406,125287,125287,130699,85,11,1447,9.25,5,13,2,-3000.0,0,0.0,0.0,0.0,inf,0.0,0.0,0.0,0.0,0
train,2,22406,125287,125287,130699,86,11,1302,9.0,5,13,2,561.0,21,561.0,732.0,171.0,4.280701754385965,57.0,0.5714285714285714,26.714285714285715,19.0,3
test,2,22406,125287,125287,130699,86,11,1302,9.0,5,13,2,-3000.0,0,0.0,0.0,0.0,inf,0.0,0.0,0.0,0.0,0
train,2,22406,125287,125287,130699,87,11,1345,9.5,5,13,2,561.0,21,561.0,732.0,171.0,4.280701754385965,57.0,0.5714285714285714,26.714285714285715,19.0,3
test,2,22406,125287,125287,130699,87,11,1345,9.5,5,13,2,-3000.0,0,0.0,0.0,0.0,inf,0.0,0.0,0.0,0.0,0
train,2,22406,125287,125287,130699,88,11,1331,9.0,5,13,2,561.0,21,561.0,732.0,171.0,4.280701754385965,57.0,0.5714285714285714,26.714285714285715,19.0,3
test,2,22406,125287,125287,130699,88,11,1331,9.0,5,13,2,-3000.0,0,0.0,0.0,0.0,inf,0.0,0.0,0.0,0.0,0
train,2,22406,125287,125287,130699,89,11,1417,9.75,5,13,2,561.0,21,561.0,732.0,171.0,4.280701754385965,57.0,0.5714285714285714,26.714285714285715,19.0,3
test,2,22406,125287,125287,130699,89,11,1417,9.75,5,13,2,-3000.0,0,0.0,0.0,0.0,inf,0.0,0.0,0.0,0.0,0
train,2,22406,125287,125287,130699,90,11,1447,9.75,5,13,2,561.0,21,561.0,732.0,171.0,4.280701754385965,57.0,0.5714285714285714,26.714285714285715,19.0,3
test,2,22406,125287,125287,130699,90,11,1447,9.75,5,13,2,-3000.0,0,0.0,0.0,0.0,inf,0.0,0.0,0.0,0.0,0
train,2,22406,125287,125287,130699,91,11,1417,9.75,5,13,2,561.0,21,561.0,732.0,171.0,4.280701754385965,57.0,0.5714285714285714,26.714285714285715,19.0,3
test,2,22406,125287,125287,130699,91,11,1417,9.75,5,13,2,-3000.0,0,0.0,0.0,0.0,inf,0.0,0.0,0.0,0.0,0
train,2,22406,125287,125287,130699,92,11,1345,9.5,5,13,2,561.0,21,561.0,732.0,171.0,4.280701754385965,57.0,0.5714285714285714,26.714285714285715,19.0,3
test,2,22406,125287,125287,130699,92,11,1345,9.5,5,13,2,-3000.0,0,0.0,0.0,0.0,inf,0.0,0.0,0.0,0.0,0
train,2,22406,125287,125287,130699,93,11,1304,9.5,5,13,2,561.0,21,561.0,732.0,171.0,4.280701754385965,57.0,0.5714285714285714,26.714285714285715,19.0,3
test,2,22406,125287,125287,130699,93,11,1304,9.5,5,13,2,-3000.0,0,0.0,0.0,0.0,inf,0.0,0.0,0.0,0.0,0
train,2,22406,125287,125287,130699,94,11,1317,9.5,5,13,2,561.0,21,561.0,732.0,171.0,4.280701754385965,57.0,0.5714285714285714,26.714285714285715,19.0,3
test,2,22406,125287,125287,130699,94,11,1317,9.5,5,13,2,-3000.0,0,0.0,0.0,0.0,inf,0.0,0.0,0.0,0.0,0
train,2,22406,125287,125287,130699,95,11,1305,9.5,5,13,2,561.0,21,561.0,732.0,171.0,4.280701754385965,57.0,0.5714285714285714,26.714285714285715,19.0,3
test,2,22406,125287,125287,130699,95,11,1305,9.5,5,13,2,-3000.0,0,0.0,0.0,0.0,inf,0.0,0.0,0.0,0.0,0
train,2,22406,125287,125287,130699,96,11,1317,9.75,5,13,2,561.0,21,561.0,732.0,171.0,4.280701754385965,57.0,0.5714285714285714,26.714285714285715,19.0,3
test,2,22406,125287,125287,130699,96,11,1317,9.75,5,13,2,-3000.0,0,0.0,0.0,0.0,inf,0.0,0.0,0.0,0.0,0
train,2,22406,125287,125287,130699,97,11,1331,9.75,5,13,2,561.0,21,561.0,732.0,171.0,4.280701754385965,57.0,0.5714285714285714,26.714285714285715,19.0,3
test,2,22406,125287,125287,130699,97,11,1331,9.75,5,13,2,-3000.0,0,0.0,0.0,0.0,inf,0.0,0.0,0.0,0.0,0
train,2,22406,125287,125287,130699,98,11,1417,9.25,5,13,2,561.0,21,561.0,732.0,171.0,4.280701754385965,57.0,0.5714285714285714,26.714285714285715,19.0,3
test,2,22406,125287,125287,130699,98,11,1417,9.25,5,13,2,-3000.0,0,0.0,0.0,0.0,inf,0.0,0.0,0.0,0.0,0
train,2,22406,125287,125287,130699,99,11,1418,9.25,5,13,2,561.0,21,561.0,732.0,171.0,4.280701754385965,57.0,0.5714285714285714,26.714285714285715,19.0,3
test,2,22406,125287,125287,130699,99,11,1418,9.25,5,13,2,-3000.0,0,0.0,0.0,0.0,inf,0.0,0.0,0.0,0.0,0
train,2,22406,125287,125287,130699,100,11,1317,9.5,5,13,2,561.0,21,561.0,732.0,171.0,4.280701754385965,57.0,0.5714285714285714,26.714285714285715,19.0,3
test,2,22406,125287,125287,130699,100,11,1317,9.5,5,13,2,-3000.0,0,0.0,0.0,0.0,inf,0.0,0.0,0.0,0.0,0
