dataset_type,window_id,train_start,train_end,test_start,test_end,generation,min_impulse_candles,max_duration_ms,diagonal_imbalance_ratio_threshold,min_imbalance_count,take_profit_ticks,stop_loss_ticks,fitness,number_of_trades,net_profit,gross_profit,gross_loss,profit_factor,max_drawdown,win_rate,expectancy,biggest_loss,longest_losing_streak,analysis_generation,selected_generation
test,1,0,22406,22406,53560,0,9,361,5.5,5,12,20,-380.0,5,-380.0,56.0,436.0,0.128440366972477,436.0,0.2,-76.0,109.0,4,0,0
train,1,0,22406,22406,53560,0,9,361,5.5,5,12,20,3.0,3,3.0,112.0,109.0,1.0275229357798166,109.0,0.6666666666666666,1.0,109.0,1,0,0
test,1,0,22406,22406,53560,1,7,1477,8.25,4,15,2,-34.0,16,-34.0,213.0,247.0,0.8623481781376519,190.0,0.1875,-2.125,19.0,10,1,1
train,1,0,22406,22406,53560,1,7,1477,8.25,4,15,2,66.0,6,66.0,142.0,76.0,1.868421052631579,57.0,0.3333333333333333,11.0,19.0,3,1,1
test,1,0,22406,22406,53560,2,5,1841,7.25,4,8,2,-214.0,46,-214.0,432.0,646.0,0.6687306501547987,299.0,0.2608695652173913,-4.652173913043479,19.0,9,2,2
train,1,0,22406,22406,53560,2,5,1841,7.25,4,8,2,117.0,17,117.0,288.0,171.0,1.6842105263157894,99.0,0.4705882352941176,6.882352941176471,19.0,5,2,2
test,1,0,22406,22406,53560,3,5,427,7.25,4,8,2,-149.0,31,-149.0,288.0,437.0,0.6590389016018307,270.0,0.2580645161290322,-4.806451612903226,19.0,14,3,3
train,1,0,22406,22406,53560,3,5,427,7.25,4,8,2,157.0,12,157.0,252.0,95.0,2.652631578947368,40.0,0.5833333333333334,13.083333333333334,19.0,2,3,3
test,1,0,22406,22406,53560,3,5,427,7.25,4,8,2,-149.0,31,-149.0,288.0,437.0,0.6590389016018307,270.0,0.2580645161290322,-4.806451612903226,19.0,14,4,3
train,1,0,22406,22406,53560,3,5,427,7.25,4,8,2,157.0,12,157.0,252.0,95.0,2.652631578947368,40.0,0.5833333333333334,13.083333333333334,19.0,2,4,3
test,1,0,22406,22406,53560,5,4,427,7.25,4,9,2,-109.0,31,-109.0,328.0,437.0,0.7505720823798627,266.0,0.2580645161290322,-3.5161290322580645,19.0,14,5,5
train,1,0,22406,22406,53560,5,4,427,7.25,4,9,2,173.0,13,173.0,287.0,114.0,2.517543859649123,38.0,0.5384615384615384,13.307692307692308,19.0,2,5,5
test,1,0,22406,22406,53560,5,4,427,7.25,4,9,2,-109.0,31,-109.0,328.0,437.0,0.7505720823798627,266.0,0.2580645161290322,-3.5161290322580645,19.0,14,6,5
train,1,0,22406,22406,53560,5,4,427,7.25,4,9,2,173.0,13,173.0,287.0,114.0,2.517543859649123,38.0,0.5384615384615384,13.307692307692308,19.0,2,6,5
test,1,0,22406,22406,53560,5,4,427,7.25,4,9,2,-109.0,31,-109.0,328.0,437.0,0.7505720823798627,266.0,0.2580645161290322,-3.5161290322580645,19.0,14,7,5
train,1,0,22406,22406,53560,5,4,427,7.25,4,9,2,173.0,13,173.0,287.0,114.0,2.517543859649123,38.0,0.5384615384615384,13.307692307692308,19.0,2,7,5
test,1,0,22406,22406,53560,5,4,427,7.25,4,9,2,-109.0,31,-109.0,328.0,437.0,0.7505720823798627,266.0,0.2580645161290322,-3.5161290322580645,19.0,14,8,5
train,1,0,22406,22406,53560,5,4,427,7.25,4,9,2,173.0,13,173.0,287.0,114.0,2.517543859649123,38.0,0.5384615384615384,13.307692307692308,19.0,2,8,5
test,1,0,22406,22406,53560,5,4,427,7.25,4,9,2,-109.0,31,-109.0,328.0,437.0,0.7505720823798627,266.0,0.2580645161290322,-3.5161290322580645,19.0,14,9,5
train,1,0,22406,22406,53560,5,4,427,7.25,4,9,2,173.0,13,173.0,287.0,114.0,2.517543859649123,38.0,0.5384615384615384,13.307692307692308,19.0,2,9,5
test,1,0,22406,22406,53560,5,4,427,7.25,4,9,2,-109.0,31,-109.0,328.0,437.0,0.7505720823798627,266.0,0.2580645161290322,-3.5161290322580645,19.0,14,10,5
train,1,0,22406,22406,53560,5,4,427,7.25,4,9,2,173.0,13,173.0,287.0,114.0,2.517543859649123,38.0,0.5384615384615384,13.307692307692308,19.0,2,10,5
test,1,0,22406,22406,53560,11,5,463,7.25,4,9,2,-109.0,31,-109.0,328.0,437.0,0.7505720823798627,266.0,0.2580645161290322,-3.5161290322580645,19.0,14,11,11
train,1,0,22406,22406,53560,11,5,463,7.25,4,9,2,192.0,12,192.0,287.0,95.0,3.0210526315789474,38.0,0.5833333333333334,16.0,19.0,2,11,11
test,1,0,22406,22406,53560,11,5,463,7.25,4,9,2,-109.0,31,-109.0,328.0,437.0,0.7505720823798627,266.0,0.2580645161290322,-3.5161290322580645,19.0,14,12,11
train,1,0,22406,22406,53560,11,5,463,7.25,4,9,2,192.0,12,192.0,287.0,95.0,3.0210526315789474,38.0,0.5833333333333334,16.0,19.0,2,12,11
test,1,0,22406,22406,53560,11,5,463,7.25,4,9,2,-109.0,31,-109.0,328.0,437.0,0.7505720823798627,266.0,0.2580645161290322,-3.5161290322580645,19.0,14,13,11
train,1,0,22406,22406,53560,11,5,463,7.25,4,9,2,192.0,12,192.0,287.0,95.0,3.0210526315789474,38.0,0.5833333333333334,16.0,19.0,2,13,11
test,1,0,22406,22406,53560,11,5,463,7.25,4,9,2,-109.0,31,-109.0,328.0,437.0,0.7505720823798627,266.0,0.2580645161290322,-3.5161290322580645,19.0,14,14,11
train,1,0,22406,22406,53560,11,5,463,7.25,4,9,2,192.0,12,192.0,287.0,95.0,3.0210526315789474,38.0,0.5833333333333334,16.0,19.0,2,14,11
test,1,0,22406,22406,53560,11,5,463,7.25,4,9,2,-109.0,31,-109.0,328.0,437.0,0.7505720823798627,266.0,0.2580645161290322,-3.5161290322580645,19.0,14,15,11
train,1,0,22406,22406,53560,11,5,463,7.25,4,9,2,192.0,12,192.0,287.0,95.0,3.0210526315789474,38.0,0.5833333333333334,16.0,19.0,2,15,11
test,1,0,22406,22406,53560,11,5,463,7.25,4,9,2,-109.0,31,-109.0,328.0,437.0,0.7505720823798627,266.0,0.2580645161290322,-3.5161290322580645,19.0,14,16,11
train,1,0,22406,22406,53560,11,5,463,7.25,4,9,2,192.0,12,192.0,287.0,95.0,3.0210526315789474,38.0,0.5833333333333334,16.0,19.0,2,16,11
test,1,0,22406,22406,53560,11,5,463,7.25,4,9,2,-109.0,31,-109.0,328.0,437.0,0.7505720823798627,266.0,0.2580645161290322,-3.5161290322580645,19.0,14,17,11
train,1,0,22406,22406,53560,11,5,463,7.25,4,9,2,192.0,12,192.0,287.0,95.0,3.0210526315789474,38.0,0.5833333333333334,16.0,19.0,2,17,11
test,1,0,22406,22406,53560,18,5,304,7.25,4,9,2,-197.0,23,-197.0,164.0,361.0,0.4542936288088642,323.0,0.1739130434782608,-8.565217391304348,19.0,17,18,18
train,1,0,22406,22406,53560,18,5,304,7.25,4,9,2,211.0,11,211.0,287.0,76.0,3.776315789473684,38.0,0.6363636363636364,19.181818181818183,19.0,2,18,18
test,1,0,22406,22406,53560,18,5,304,7.25,4,9,2,-197.0,23,-197.0,164.0,361.0,0.4542936288088642,323.0,0.1739130434782608,-8.565217391304348,19.0,17,19,18
train,1,0,22406,22406,53560,18,5,304,7.25,4,9,2,211.0,11,211.0,287.0,76.0,3.776315789473684,38.0,0.6363636363636364,19.181818181818183,19.0,2,19,18
test,1,0,22406,22406,53560,18,5,304,7.25,4,9,2,-197.0,23,-197.0,164.0,361.0,0.4542936288088642,323.0,0.1739130434782608,-8.565217391304348,19.0,17,20,18
train,1,0,22406,22406,53560,18,5,304,7.25,4,9,2,211.0,11,211.0,287.0,76.0,3.776315789473684,38.0,0.6363636363636364,19.181818181818183,19.0,2,20,18
test,1,0,22406,22406,53560,18,5,304,7.25,4,9,2,-197.0,23,-197.0,164.0,361.0,0.4542936288088642,323.0,0.1739130434782608,-8.565217391304348,19.0,17,21,18
train,1,0,22406,22406,53560,18,5,304,7.25,4,9,2,211.0,11,211.0,287.0,76.0,3.776315789473684,38.0,0.6363636363636364,19.181818181818183,19.0,2,21,18
test,1,0,22406,22406,53560,18,5,304,7.25,4,9,2,-197.0,23,-197.0,164.0,361.0,0.4542936288088642,323.0,0.1739130434782608,-8.565217391304348,19.0,17,22,18
train,1,0,22406,22406,53560,18,5,304,7.25,4,9,2,211.0,11,211.0,287.0,76.0,3.776315789473684,38.0,0.6363636363636364,19.181818181818183,19.0,2,22,18
test,1,0,22406,22406,53560,18,5,304,7.25,4,9,2,-197.0,23,-197.0,164.0,361.0,0.4542936288088642,323.0,0.1739130434782608,-8.565217391304348,19.0,17,23,18
train,1,0,22406,22406,53560,18,5,304,7.25,4,9,2,211.0,11,211.0,287.0,76.0,3.776315789473684,38.0,0.6363636363636364,19.181818181818183,19.0,2,23,18
test,1,0,22406,22406,53560,24,5,285,7.25,3,9,2,-441.0,39,-441.0,205.0,646.0,0.3173374613003096,526.0,0.1282051282051282,-11.307692307692308,19.0,14,24,24
train,1,0,22406,22406,53560,24,5,285,7.25,3,9,2,220.0,20,220.0,410.0,190.0,2.1578947368421053,76.0,0.5,11.0,19.0,4,24,24
test,1,0,22406,22406,53560,24,5,285,7.25,3,9,2,-441.0,39,-441.0,205.0,646.0,0.3173374613003096,526.0,0.1282051282051282,-11.307692307692308,19.0,14,25,24
train,1,0,22406,22406,53560,24,5,285,7.25,3,9,2,220.0,20,220.0,410.0,190.0,2.1578947368421053,76.0,0.5,11.0,19.0,4,25,24
test,1,0,22406,22406,53560,24,5,285,7.25,3,9,2,-441.0,39,-441.0,205.0,646.0,0.3173374613003096,526.0,0.1282051282051282,-11.307692307692308,19.0,14,26,24
train,1,0,22406,22406,53560,24,5,285,7.25,3,9,2,220.0,20,220.0,410.0,190.0,2.1578947368421053,76.0,0.5,11.0,19.0,4,26,24
test,1,0,22406,22406,53560,24,5,285,7.25,3,9,2,-441.0,39,-441.0,205.0,646.0,0.3173374613003096,526.0,0.1282051282051282,-11.307692307692308,19.0,14,27,24
train,1,0,22406,22406,53560,24,5,285,7.25,3,9,2,220.0,20,220.0,410.0,190.0,2.1578947368421053,76.0,0.5,11.0,19.0,4,27,24
test,1,0,22406,22406,53560,24,5,285,7.25,3,9,2,-441.0,39,-441.0,205.0,646.0,0.3173374613003096,526.0,0.1282051282051282,-11.307692307692308,19.0,14,28,24
train,1,0,22406,22406,53560,24,5,285,7.25,3,9,2,220.0,20,220.0,410.0,190.0,2.1578947368421053,76.0,0.5,11.0,19.0,4,28,24
test,1,0,22406,22406,53560,24,5,285,7.25,3,9,2,-441.0,39,-441.0,205.0,646.0,0.3173374613003096,526.0,0.1282051282051282,-11.307692307692308,19.0,14,29,24
train,1,0,22406,22406,53560,24,5,285,7.25,3,9,2,220.0,20,220.0,410.0,190.0,2.1578947368421053,76.0,0.5,11.0,19.0,4,29,24
test,1,0,22406,22406,53560,24,5,285,7.25,3,9,2,-441.0,39,-441.0,205.0,646.0,0.3173374613003096,526.0,0.1282051282051282,-11.307692307692308,19.0,14,30,24
train,1,0,22406,22406,53560,24,5,285,7.25,3,9,2,220.0,20,220.0,410.0,190.0,2.1578947368421053,76.0,0.5,11.0,19.0,4,30,24
test,1,0,22406,22406,53560,24,5,285,7.25,3,9,2,-441.0,39,-441.0,205.0,646.0,0.3173374613003096,526.0,0.1282051282051282,-11.307692307692308,19.0,14,31,24
train,1,0,22406,22406,53560,24,5,285,7.25,3,9,2,220.0,20,220.0,410.0,190.0,2.1578947368421053,76.0,0.5,11.0,19.0,4,31,24
test,1,0,22406,22406,53560,24,5,285,7.25,3,9,2,-441.0,39,-441.0,205.0,646.0,0.3173374613003096,526.0,0.1282051282051282,-11.307692307692308,19.0,14,32,24
train,1,0,22406,22406,53560,24,5,285,7.25,3,9,2,220.0,20,220.0,410.0,190.0,2.1578947368421053,76.0,0.5,11.0,19.0,4,32,24
test,1,0,22406,22406,53560,24,5,285,7.25,3,9,2,-441.0,39,-441.0,205.0,646.0,0.3173374613003096,526.0,0.1282051282051282,-11.307692307692308,19.0,14,33,24
train,1,0,22406,22406,53560,24,5,285,7.25,3,9,2,220.0,20,220.0,410.0,190.0,2.1578947368421053,76.0,0.5,11.0,19.0,4,33,24
test,1,0,22406,22406,53560,24,5,285,7.25,3,9,2,-441.0,39,-441.0,205.0,646.0,0.3173374613003096,526.0,0.1282051282051282,-11.307692307692308,19.0,14,34,24
train,1,0,22406,22406,53560,24,5,285,7.25,3,9,2,220.0,20,220.0,410.0,190.0,2.1578947368421053,76.0,0.5,11.0,19.0,4,34,24
test,1,0,22406,22406,53560,24,5,285,7.25,3,9,2,-441.0,39,-441.0,205.0,646.0,0.3173374613003096,526.0,0.1282051282051282,-11.307692307692308,19.0,14,35,24
train,1,0,22406,22406,53560,24,5,285,7.25,3,9,2,220.0,20,220.0,410.0,190.0,2.1578947368421053,76.0,0.5,11.0,19.0,4,35,24
test,1,0,22406,22406,53560,24,5,285,7.25,3,9,2,-441.0,39,-441.0,205.0,646.0,0.3173374613003096,526.0,0.1282051282051282,-11.307692307692308,19.0,14,36,24
train,1,0,22406,22406,53560,24,5,285,7.25,3,9,2,220.0,20,220.0,410.0,190.0,2.1578947368421053,76.0,0.5,11.0,19.0,4,36,24
test,1,0,22406,22406,53560,24,5,285,7.25,3,9,2,-441.0,39,-441.0,205.0,646.0,0.3173374613003096,526.0,0.1282051282051282,-11.307692307692308,19.0,14,37,24
train,1,0,22406,22406,53560,24,5,285,7.25,3,9,2,220.0,20,220.0,410.0,190.0,2.1578947368421053,76.0,0.5,11.0,19.0,4,37,24
test,1,0,22406,22406,53560,24,5,285,7.25,3,9,2,-441.0,39,-441.0,205.0,646.0,0.3173374613003096,526.0,0.1282051282051282,-11.307692307692308,19.0,14,38,24
train,1,0,22406,22406,53560,24,5,285,7.25,3,9,2,220.0,20,220.0,410.0,190.0,2.1578947368421053,76.0,0.5,11.0,19.0,4,38,24
test,1,0,22406,22406,53560,24,5,285,7.25,3,9,2,-441.0,39,-441.0,205.0,646.0,0.3173374613003096,526.0,0.1282051282051282,-11.307692307692308,19.0,14,39,24
train,1,0,22406,22406,53560,24,5,285,7.25,3,9,2,220.0,20,220.0,410.0,190.0,2.1578947368421053,76.0,0.5,11.0,19.0,4,39,24
test,1,0,22406,22406,53560,24,5,285,7.25,3,9,2,-441.0,39,-441.0,205.0,646.0,0.3173374613003096,526.0,0.1282051282051282,-11.307692307692308,19.0,14,40,24
train,1,0,22406,22406,53560,24,5,285,7.25,3,9,2,220.0,20,220.0,410.0,190.0,2.1578947368421053,76.0,0.5,11.0,19.0,4,40,24
test,1,0,22406,22406,53560,24,5,285,7.25,3,9,2,-441.0,39,-441.0,205.0,646.0,0.3173374613003096,526.0,0.1282051282051282,-11.307692307692308,19.0,14,41,24
train,1,0,22406,22406,53560,24,5,285,7.25,3,9,2,220.0,20,220.0,410.0,190.0,2.1578947368421053,76.0,0.5,11.0,19.0,4,41,24
test,1,0,22406,22406,53560,24,5,285,7.25,3,9,2,-441.0,39,-441.0,205.0,646.0,0.3173374613003096,526.0,0.1282051282051282,-11.307692307692308,19.0,14,42,24
train,1,0,22406,22406,53560,24,5,285,7.25,3,9,2,220.0,20,220.0,410.0,190.0,2.1578947368421053,76.0,0.5,11.0,19.0,4,42,24
test,1,0,22406,22406,53560,24,5,285,7.25,3,9,2,-441.0,39,-441.0,205.0,646.0,0.3173374613003096,526.0,0.1282051282051282,-11.307692307692308,19.0,14,43,24
train,1,0,22406,22406,53560,24,5,285,7.25,3,9,2,220.0,20,220.0,410.0,190.0,2.1578947368421053,76.0,0.5,11.0,19.0,4,43,24
test,1,0,22406,22406,53560,24,5,285,7.25,3,9,2,-441.0,39,-441.0,205.0,646.0,0.3173374613003096,526.0,0.1282051282051282,-11.307692307692308,19.0,14,44,24
train,1,0,22406,22406,53560,24,5,285,7.25,3,9,2,220.0,20,220.0,410.0,190.0,2.1578947368421053,76.0,0.5,11.0,19.0,4,44,24
test,1,0,22406,22406,53560,24,5,285,7.25,3,9,2,-441.0,39,-441.0,205.0,646.0,0.3173374613003096,526.0,0.1282051282051282,-11.307692307692308,19.0,14,45,24
train,1,0,22406,22406,53560,24,5,285,7.25,3,9,2,220.0,20,220.0,410.0,190.0,2.1578947368421053,76.0,0.5,11.0,19.0,4,45,24
test,1,0,22406,22406,53560,24,5,285,7.25,3,9,2,-441.0,39,-441.0,205.0,646.0,0.3173374613003096,526.0,0.1282051282051282,-11.307692307692308,19.0,14,46,24
train,1,0,22406,22406,53560,24,5,285,7.25,3,9,2,220.0,20,220.0,410.0,190.0,2.1578947368421053,76.0,0.5,11.0,19.0,4,46,24
test,1,0,22406,22406,53560,24,5,285,7.25,3,9,2,-441.0,39,-441.0,205.0,646.0,0.3173374613003096,526.0,0.1282051282051282,-11.307692307692308,19.0,14,47,24
train,1,0,22406,22406,53560,24,5,285,7.25,3,9,2,220.0,20,220.0,410.0,190.0,2.1578947368421053,76.0,0.5,11.0,19.0,4,47,24
test,1,0,22406,22406,53560,24,5,285,7.25,3,9,2,-441.0,39,-441.0,205.0,646.0,0.3173374613003096,526.0,0.1282051282051282,-11.307692307692308,19.0,14,48,24
train,1,0,22406,22406,53560,24,5,285,7.25,3,9,2,220.0,20,220.0,410.0,190.0,2.1578947368421053,76.0,0.5,11.0,19.0,4,48,24
test,1,0,22406,22406,53560,24,5,285,7.25,3,9,2,-441.0,39,-441.0,205.0,646.0,0.3173374613003096,526.0,0.1282051282051282,-11.307692307692308,19.0,14,49,24
train,1,0,22406,22406,53560,24,5,285,7.25,3,9,2,220.0,20,220.0,410.0,190.0,2.1578947368421053,76.0,0.5,11.0,19.0,4,49,24
test,1,0,22406,22406,53560,24,5,285,7.25,3,9,2,-441.0,39,-441.0,205.0,646.0,0.3173374613003096,526.0,0.1282051282051282,-11.307692307692308,19.0,14,50,24
train,1,0,22406,22406,53560,24,5,285,7.25,3,9,2,220.0,20,220.0,410.0,190.0,2.1578947368421053,76.0,0.5,11.0,19.0,4,50,24
test,1,0,22406,22406,53560,24,5,285,7.25,3,9,2,-441.0,39,-441.0,205.0,646.0,0.3173374613003096,526.0,0.1282051282051282,-11.307692307692308,19.0,14,51,24
train,1,0,22406,22406,53560,24,5,285,7.25,3,9,2,220.0,20,220.0,410.0,190.0,2.1578947368421053,76.0,0.5,11.0,19.0,4,51,24
test,1,0,22406,22406,53560,24,5,285,7.25,3,9,2,-441.0,39,-441.0,205.0,646.0,0.3173374613003096,526.0,0.1282051282051282,-11.307692307692308,19.0,14,52,24
train,1,0,22406,22406,53560,24,5,285,7.25,3,9,2,220.0,20,220.0,410.0,190.0,2.1578947368421053,76.0,0.5,11.0,19.0,4,52,24
test,1,0,22406,22406,53560,24,5,285,7.25,3,9,2,-441.0,39,-441.0,205.0,646.0,0.3173374613003096,526.0,0.1282051282051282,-11.307692307692308,19.0,14,53,24
train,1,0,22406,22406,53560,24,5,285,7.25,3,9,2,220.0,20,220.0,410.0,190.0,2.1578947368421053,76.0,0.5,11.0,19.0,4,53,24
test,1,0,22406,22406,53560,24,5,285,7.25,3,9,2,-441.0,39,-441.0,205.0,646.0,0.3173374613003096,526.0,0.1282051282051282,-11.307692307692308,19.0,14,54,24
train,1,0,22406,22406,53560,24,5,285,7.25,3,9,2,220.0,20,220.0,410.0,190.0,2.1578947368421053,76.0,0.5,11.0,19.0,4,54,24
test,1,0,22406,22406,53560,24,5,285,7.25,3,9,2,-441.0,39,-441.0,205.0,646.0,0.3173374613003096,526.0,0.1282051282051282,-11.307692307692308,19.0,14,55,24
train,1,0,22406,22406,53560,24,5,285,7.25,3,9,2,220.0,20,220.0,410.0,190.0,2.1578947368421053,76.0,0.5,11.0,19.0,4,55,24
test,1,0,22406,22406,53560,24,5,285,7.25,3,9,2,-441.0,39,-441.0,205.0,646.0,0.3173374613003096,526.0,0.1282051282051282,-11.307692307692308,19.0,14,56,24
train,1,0,22406,22406,53560,24,5,285,7.25,3,9,2,220.0,20,220.0,410.0,190.0,2.1578947368421053,76.0,0.5,11.0,19.0,4,56,24
test,1,0,22406,22406,53560,24,5,285,7.25,3,9,2,-441.0,39,-441.0,205.0,646.0,0.3173374613003096,526.0,0.1282051282051282,-11.307692307692308,19.0,14,57,24
train,1,0,22406,22406,53560,24,5,285,7.25,3,9,2,220.0,20,220.0,410.0,190.0,2.1578947368421053,76.0,0.5,11.0,19.0,4,57,24
test,1,0,22406,22406,53560,24,5,285,7.25,3,9,2,-441.0,39,-441.0,205.0,646.0,0.3173374613003096,526.0,0.1282051282051282,-11.307692307692308,19.0,14,58,24
train,1,0,22406,22406,53560,24,5,285,7.25,3,9,2,220.0,20,220.0,410.0,190.0,2.1578947368421053,76.0,0.5,11.0,19.0,4,58,24
test,1,0,22406,22406,53560,24,5,285,7.25,3,9,2,-441.0,39,-441.0,205.0,646.0,0.3173374613003096,526.0,0.1282051282051282,-11.307692307692308,19.0,14,59,24
train,1,0,22406,22406,53560,24,5,285,7.25,3,9,2,220.0,20,220.0,410.0,190.0,2.1578947368421053,76.0,0.5,11.0,19.0,4,59,24
test,1,0,22406,22406,53560,24,5,285,7.25,3,9,2,-441.0,39,-441.0,205.0,646.0,0.3173374613003096,526.0,0.1282051282051282,-11.307692307692308,19.0,14,60,24
train,1,0,22406,22406,53560,24,5,285,7.25,3,9,2,220.0,20,220.0,410.0,190.0,2.1578947368421053,76.0,0.5,11.0,19.0,4,60,24
test,1,0,22406,22406,53560,24,5,285,7.25,3,9,2,-441.0,39,-441.0,205.0,646.0,0.3173374613003096,526.0,0.1282051282051282,-11.307692307692308,19.0,14,61,24
train,1,0,22406,22406,53560,24,5,285,7.25,3,9,2,220.0,20,220.0,410.0,190.0,2.1578947368421053,76.0,0.5,11.0,19.0,4,61,24
test,1,0,22406,22406,53560,24,5,285,7.25,3,9,2,-441.0,39,-441.0,205.0,646.0,0.3173374613003096,526.0,0.1282051282051282,-11.307692307692308,19.0,14,62,24
train,1,0,22406,22406,53560,24,5,285,7.25,3,9,2,220.0,20,220.0,410.0,190.0,2.1578947368421053,76.0,0.5,11.0,19.0,4,62,24
test,1,0,22406,22406,53560,24,5,285,7.25,3,9,2,-441.0,39,-441.0,205.0,646.0,0.3173374613003096,526.0,0.1282051282051282,-11.307692307692308,19.0,14,63,24
train,1,0,22406,22406,53560,24,5,285,7.25,3,9,2,220.0,20,220.0,410.0,190.0,2.1578947368421053,76.0,0.5,11.0,19.0,4,63,24
test,1,0,22406,22406,53560,24,5,285,7.25,3,9,2,-441.0,39,-441.0,205.0,646.0,0.3173374613003096,526.0,0.1282051282051282,-11.307692307692308,19.0,14,64,24
train,1,0,22406,22406,53560,24,5,285,7.25,3,9,2,220.0,20,220.0,410.0,190.0,2.1578947368421053,76.0,0.5,11.0,19.0,4,64,24
test,1,0,22406,22406,53560,24,5,285,7.25,3,9,2,-441.0,39,-441.0,205.0,646.0,0.3173374613003096,526.0,0.1282051282051282,-11.307692307692308,19.0,14,65,24
train,1,0,22406,22406,53560,24,5,285,7.25,3,9,2,220.0,20,220.0,410.0,190.0,2.1578947368421053,76.0,0.5,11.0,19.0,4,65,24
test,1,0,22406,22406,53560,24,5,285,7.25,3,9,2,-441.0,39,-441.0,205.0,646.0,0.3173374613003096,526.0,0.1282051282051282,-11.307692307692308,19.0,14,66,24
train,1,0,22406,22406,53560,24,5,285,7.25,3,9,2,220.0,20,220.0,410.0,190.0,2.1578947368421053,76.0,0.5,11.0,19.0,4,66,24
test,1,0,22406,22406,53560,24,5,285,7.25,3,9,2,-441.0,39,-441.0,205.0,646.0,0.3173374613003096,526.0,0.1282051282051282,-11.307692307692308,19.0,14,67,24
train,1,0,22406,22406,53560,24,5,285,7.25,3,9,2,220.0,20,220.0,410.0,190.0,2.1578947368421053,76.0,0.5,11.0,19.0,4,67,24
test,1,0,22406,22406,53560,24,5,285,7.25,3,9,2,-441.0,39,-441.0,205.0,646.0,0.3173374613003096,526.0,0.1282051282051282,-11.307692307692308,19.0,14,68,24
train,1,0,22406,22406,53560,24,5,285,7.25,3,9,2,220.0,20,220.0,410.0,190.0,2.1578947368421053,76.0,0.5,11.0,19.0,4,68,24
test,1,0,22406,22406,53560,24,5,285,7.25,3,9,2,-441.0,39,-441.0,205.0,646.0,0.3173374613003096,526.0,0.1282051282051282,-11.307692307692308,19.0,14,69,24
train,1,0,22406,22406,53560,24,5,285,7.25,3,9,2,220.0,20,220.0,410.0,190.0,2.1578947368421053,76.0,0.5,11.0,19.0,4,69,24
test,1,0,22406,22406,53560,24,5,285,7.25,3,9,2,-441.0,39,-441.0,205.0,646.0,0.3173374613003096,526.0,0.1282051282051282,-11.307692307692308,19.0,14,70,24
train,1,0,22406,22406,53560,24,5,285,7.25,3,9,2,220.0,20,220.0,410.0,190.0,2.1578947368421053,76.0,0.5,11.0,19.0,4,70,24
test,1,0,22406,22406,53560,24,5,285,7.25,3,9,2,-441.0,39,-441.0,205.0,646.0,0.3173374613003096,526.0,0.1282051282051282,-11.307692307692308,19.0,14,71,24
train,1,0,22406,22406,53560,24,5,285,7.25,3,9,2,220.0,20,220.0,410.0,190.0,2.1578947368421053,76.0,0.5,11.0,19.0,4,71,24
test,1,0,22406,22406,53560,24,5,285,7.25,3,9,2,-441.0,39,-441.0,205.0,646.0,0.3173374613003096,526.0,0.1282051282051282,-11.307692307692308,19.0,14,72,24
train,1,0,22406,22406,53560,24,5,285,7.25,3,9,2,220.0,20,220.0,410.0,190.0,2.1578947368421053,76.0,0.5,11.0,19.0,4,72,24
test,1,0,22406,22406,53560,24,5,285,7.25,3,9,2,-441.0,39,-441.0,205.0,646.0,0.3173374613003096,526.0,0.1282051282051282,-11.307692307692308,19.0,14,73,24
train,1,0,22406,22406,53560,24,5,285,7.25,3,9,2,220.0,20,220.0,410.0,190.0,2.1578947368421053,76.0,0.5,11.0,19.0,4,73,24
test,1,0,22406,22406,53560,24,5,285,7.25,3,9,2,-441.0,39,-441.0,205.0,646.0,0.3173374613003096,526.0,0.1282051282051282,-11.307692307692308,19.0,14,74,24
train,1,0,22406,22406,53560,24,5,285,7.25,3,9,2,220.0,20,220.0,410.0,190.0,2.1578947368421053,76.0,0.5,11.0,19.0,4,74,24
test,1,0,22406,22406,53560,24,5,285,7.25,3,9,2,-441.0,39,-441.0,205.0,646.0,0.3173374613003096,526.0,0.1282051282051282,-11.307692307692308,19.0,14,75,24
train,1,0,22406,22406,53560,24,5,285,7.25,3,9,2,220.0,20,220.0,410.0,190.0,2.1578947368421053,76.0,0.5,11.0,19.0,4,75,24
test,1,0,22406,22406,53560,24,5,285,7.25,3,9,2,-441.0,39,-441.0,205.0,646.0,0.3173374613003096,526.0,0.1282051282051282,-11.307692307692308,19.0,14,76,24
train,1,0,22406,22406,53560,24,5,285,7.25,3,9,2,220.0,20,220.0,410.0,190.0,2.1578947368421053,76.0,0.5,11.0,19.0,4,76,24
test,1,0,22406,22406,53560,24,5,285,7.25,3,9,2,-441.0,39,-441.0,205.0,646.0,0.3173374613003096,526.0,0.1282051282051282,-11.307692307692308,19.0,14,77,24
train,1,0,22406,22406,53560,24,5,285,7.25,3,9,2,220.0,20,220.0,410.0,190.0,2.1578947368421053,76.0,0.5,11.0,19.0,4,77,24
test,1,0,22406,22406,53560,24,5,285,7.25,3,9,2,-441.0,39,-441.0,205.0,646.0,0.3173374613003096,526.0,0.1282051282051282,-11.307692307692308,19.0,14,78,24
train,1,0,22406,22406,53560,24,5,285,7.25,3,9,2,220.0,20,220.0,410.0,190.0,2.1578947368421053,76.0,0.5,11.0,19.0,4,78,24
test,1,0,22406,22406,53560,24,5,285,7.25,3,9,2,-441.0,39,-441.0,205.0,646.0,0.3173374613003096,526.0,0.1282051282051282,-11.307692307692308,19.0,14,79,24
train,1,0,22406,22406,53560,24,5,285,7.25,3,9,2,220.0,20,220.0,410.0,190.0,2.1578947368421053,76.0,0.5,11.0,19.0,4,79,24
test,1,0,22406,22406,53560,24,5,285,7.25,3,9,2,-441.0,39,-441.0,205.0,646.0,0.3173374613003096,526.0,0.1282051282051282,-11.307692307692308,19.0,14,80,24
train,1,0,22406,22406,53560,24,5,285,7.25,3,9,2,220.0,20,220.0,410.0,190.0,2.1578947368421053,76.0,0.5,11.0,19.0,4,80,24
test,1,0,22406,22406,53560,24,5,285,7.25,3,9,2,-441.0,39,-441.0,205.0,646.0,0.3173374613003096,526.0,0.1282051282051282,-11.307692307692308,19.0,14,81,24
train,1,0,22406,22406,53560,24,5,285,7.25,3,9,2,220.0,20,220.0,410.0,190.0,2.1578947368421053,76.0,0.5,11.0,19.0,4,81,24
test,1,0,22406,22406,53560,24,5,285,7.25,3,9,2,-441.0,39,-441.0,205.0,646.0,0.3173374613003096,526.0,0.1282051282051282,-11.307692307692308,19.0,14,82,24
train,1,0,22406,22406,53560,24,5,285,7.25,3,9,2,220.0,20,220.0,410.0,190.0,2.1578947368421053,76.0,0.5,11.0,19.0,4,82,24
test,1,0,22406,22406,53560,24,5,285,7.25,3,9,2,-441.0,39,-441.0,205.0,646.0,0.3173374613003096,526.0,0.1282051282051282,-11.307692307692308,19.0,14,83,24
train,1,0,22406,22406,53560,24,5,285,7.25,3,9,2,220.0,20,220.0,410.0,190.0,2.1578947368421053,76.0,0.5,11.0,19.0,4,83,24
test,1,0,22406,22406,53560,24,5,285,7.25,3,9,2,-441.0,39,-441.0,205.0,646.0,0.3173374613003096,526.0,0.1282051282051282,-11.307692307692308,19.0,14,84,24
train,1,0,22406,22406,53560,24,5,285,7.25,3,9,2,220.0,20,220.0,410.0,190.0,2.1578947368421053,76.0,0.5,11.0,19.0,4,84,24
test,1,0,22406,22406,53560,24,5,285,7.25,3,9,2,-441.0,39,-441.0,205.0,646.0,0.3173374613003096,526.0,0.1282051282051282,-11.307692307692308,19.0,14,85,24
train,1,0,22406,22406,53560,24,5,285,7.25,3,9,2,220.0,20,220.0,410.0,190.0,2.1578947368421053,76.0,0.5,11.0,19.0,4,85,24
test,1,0,22406,22406,53560,24,5,285,7.25,3,9,2,-441.0,39,-441.0,205.0,646.0,0.3173374613003096,526.0,0.1282051282051282,-11.307692307692308,19.0,14,86,24
train,1,0,22406,22406,53560,24,5,285,7.25,3,9,2,220.0,20,220.0,410.0,190.0,2.1578947368421053,76.0,0.5,11.0,19.0,4,86,24
test,1,0,22406,22406,53560,24,5,285,7.25,3,9,2,-441.0,39,-441.0,205.0,646.0,0.3173374613003096,526.0,0.1282051282051282,-11.307692307692308,19.0,14,87,24
train,1,0,22406,22406,53560,24,5,285,7.25,3,9,2,220.0,20,220.0,410.0,190.0,2.1578947368421053,76.0,0.5,11.0,19.0,4,87,24
test,1,0,22406,22406,53560,24,5,285,7.25,3,9,2,-441.0,39,-441.0,205.0,646.0,0.3173374613003096,526.0,0.1282051282051282,-11.307692307692308,19.0,14,88,24
train,1,0,22406,22406,53560,24,5,285,7.25,3,9,2,220.0,20,220.0,410.0,190.0,2.1578947368421053,76.0,0.5,11.0,19.0,4,88,24
test,1,0,22406,22406,53560,24,5,285,7.25,3,9,2,-441.0,39,-441.0,205.0,646.0,0.3173374613003096,526.0,0.1282051282051282,-11.307692307692308,19.0,14,89,24
train,1,0,22406,22406,53560,24,5,285,7.25,3,9,2,220.0,20,220.0,410.0,190.0,2.1578947368421053,76.0,0.5,11.0,19.0,4,89,24
test,1,0,22406,22406,53560,24,5,285,7.25,3,9,2,-441.0,39,-441.0,205.0,646.0,0.3173374613003096,526.0,0.1282051282051282,-11.307692307692308,19.0,14,90,24
train,1,0,22406,22406,53560,24,5,285,7.25,3,9,2,220.0,20,220.0,410.0,190.0,2.1578947368421053,76.0,0.5,11.0,19.0,4,90,24
test,1,0,22406,22406,53560,24,5,285,7.25,3,9,2,-441.0,39,-441.0,205.0,646.0,0.3173374613003096,526.0,0.1282051282051282,-11.307692307692308,19.0,14,91,24
train,1,0,22406,22406,53560,24,5,285,7.25,3,9,2,220.0,20,220.0,410.0,190.0,2.1578947368421053,76.0,0.5,11.0,19.0,4,91,24
test,1,0,22406,22406,53560,24,5,285,7.25,3,9,2,-441.0,39,-441.0,205.0,646.0,0.3173374613003096,526.0,0.1282051282051282,-11.307692307692308,19.0,14,92,24
train,1,0,22406,22406,53560,24,5,285,7.25,3,9,2,220.0,20,220.0,410.0,190.0,2.1578947368421053,76.0,0.5,11.0,19.0,4,92,24
test,1,0,22406,22406,53560,24,5,285,7.25,3,9,2,-441.0,39,-441.0,205.0,646.0,0.3173374613003096,526.0,0.1282051282051282,-11.307692307692308,19.0,14,93,24
train,1,0,22406,22406,53560,24,5,285,7.25,3,9,2,220.0,20,220.0,410.0,190.0,2.1578947368421053,76.0,0.5,11.0,19.0,4,93,24
test,1,0,22406,22406,53560,24,5,285,7.25,3,9,2,-441.0,39,-441.0,205.0,646.0,0.3173374613003096,526.0,0.1282051282051282,-11.307692307692308,19.0,14,94,24
train,1,0,22406,22406,53560,24,5,285,7.25,3,9,2,220.0,20,220.0,410.0,190.0,2.1578947368421053,76.0,0.5,11.0,19.0,4,94,24
test,1,0,22406,22406,53560,24,5,285,7.25,3,9,2,-441.0,39,-441.0,205.0,646.0,0.3173374613003096,526.0,0.1282051282051282,-11.307692307692308,19.0,14,95,24
train,1,0,22406,22406,53560,24,5,285,7.25,3,9,2,220.0,20,220.0,410.0,190.0,2.1578947368421053,76.0,0.5,11.0,19.0,4,95,24
test,1,0,22406,22406,53560,24,5,285,7.25,3,9,2,-441.0,39,-441.0,205.0,646.0,0.3173374613003096,526.0,0.1282051282051282,-11.307692307692308,19.0,14,96,24
train,1,0,22406,22406,53560,24,5,285,7.25,3,9,2,220.0,20,220.0,410.0,190.0,2.1578947368421053,76.0,0.5,11.0,19.0,4,96,24
test,1,0,22406,22406,53560,24,5,285,7.25,3,9,2,-441.0,39,-441.0,205.0,646.0,0.3173374613003096,526.0,0.1282051282051282,-11.307692307692308,19.0,14,97,24
train,1,0,22406,22406,53560,24,5,285,7.25,3,9,2,220.0,20,220.0,410.0,190.0,2.1578947368421053,76.0,0.5,11.0,19.0,4,97,24
test,1,0,22406,22406,53560,24,5,285,7.25,3,9,2,-441.0,39,-441.0,205.0,646.0,0.3173374613003096,526.0,0.1282051282051282,-11.307692307692308,19.0,14,98,24
train,1,0,22406,22406,53560,24,5,285,7.25,3,9,2,220.0,20,220.0,410.0,190.0,2.1578947368421053,76.0,0.5,11.0,19.0,4,98,24
test,1,0,22406,22406,53560,24,5,285,7.25,3,9,2,-441.0,39,-441.0,205.0,646.0,0.3173374613003096,526.0,0.1282051282051282,-11.307692307692308,19.0,14,99,24
train,1,0,22406,22406,53560,24,5,285,7.25,3,9,2,220.0,20,220.0,410.0,190.0,2.1578947368421053,76.0,0.5,11.0,19.0,4,99,24
test,1,0,22406,22406,53560,24,5,285,7.25,3,9,2,-441.0,39,-441.0,205.0,646.0,0.3173374613003096,526.0,0.1282051282051282,-11.307692307692308,19.0,14,100,24
train,1,0,22406,22406,53560,24,5,285,7.25,3,9,2,220.0,20,220.0,410.0,190.0,2.1578947368421053,76.0,0.5,11.0,19.0,4,100,24
test,2,0,53560,53560,86986,0,14,1638,6.25,1,22,27,-76.0,2,-38.0,106.0,144.0,0.7361111111111112,144.0,0.5,-19.0,144.0,1,0,0
train,2,0,53560,53560,86986,0,14,1638,6.25,1,22,27,106.0,1,106.0,106.0,0.0,inf,0.0,1.0,106.0,0.0,0,0,0
test,2,0,53560,53560,86986,0,14,1638,6.25,1,22,27,-76.0,2,-38.0,106.0,144.0,0.7361111111111112,144.0,0.5,-19.0,144.0,1,1,0
train,2,0,53560,53560,86986,0,14,1638,6.25,1,22,27,106.0,1,106.0,106.0,0.0,inf,0.0,1.0,106.0,0.0,0,1,0
test,2,0,53560,53560,86986,0,14,1638,6.25,1,22,27,-76.0,2,-38.0,106.0,144.0,0.7361111111111112,144.0,0.5,-19.0,144.0,1,2,0
train,2,0,53560,53560,86986,0,14,1638,6.25,1,22,27,106.0,1,106.0,106.0,0.0,inf,0.0,1.0,106.0,0.0,0,2,0
test,2,0,53560,53560,86986,0,14,1638,6.25,1,22,27,-76.0,2,-38.0,106.0,144.0,0.7361111111111112,144.0,0.5,-19.0,144.0,1,3,0
train,2,0,53560,53560,86986,0,14,1638,6.25,1,22,27,106.0,1,106.0,106.0,0.0,inf,0.0,1.0,106.0,0.0,0,3,0
test,2,0,53560,53560,86986,0,14,1638,6.25,1,22,27,-76.0,2,-38.0,106.0,144.0,0.7361111111111112,144.0,0.5,-19.0,144.0,1,4,0
train,2,0,53560,53560,86986,0,14,1638,6.25,1,22,27,106.0,1,106.0,106.0,0.0,inf,0.0,1.0,106.0,0.0,0,4,0
test,2,0,53560,53560,86986,0,14,1638,6.25,1,22,27,-76.0,2,-38.0,106.0,144.0,0.7361111111111112,144.0,0.5,-19.0,144.0,1,5,0
train,2,0,53560,53560,86986,0,14,1638,6.25,1,22,27,106.0,1,106.0,106.0,0.0,inf,0.0,1.0,106.0,0.0,0,5,0
test,2,0,53560,53560,86986,0,14,1638,6.25,1,22,27,-76.0,2,-38.0,106.0,144.0,0.7361111111111112,144.0,0.5,-19.0,144.0,1,6,0
train,2,0,53560,53560,86986,0,14,1638,6.25,1,22,27,106.0,1,106.0,106.0,0.0,inf,0.0,1.0,106.0,0.0,0,6,0
test,2,0,53560,53560,86986,0,14,1638,6.25,1,22,27,-76.0,2,-38.0,106.0,144.0,0.7361111111111112,144.0,0.5,-19.0,144.0,1,7,0
train,2,0,53560,53560,86986,0,14,1638,6.25,1,22,27,106.0,1,106.0,106.0,0.0,inf,0.0,1.0,106.0,0.0,0,7,0
test,2,0,53560,53560,86986,0,14,1638,6.25,1,22,27,-76.0,2,-38.0,106.0,144.0,0.7361111111111112,144.0,0.5,-19.0,144.0,1,8,0
train,2,0,53560,53560,86986,0,14,1638,6.25,1,22,27,106.0,1,106.0,106.0,0.0,inf,0.0,1.0,106.0,0.0,0,8,0
test,2,0,53560,53560,86986,0,14,1638,6.25,1,22,27,-76.0,2,-38.0,106.0,144.0,0.7361111111111112,144.0,0.5,-19.0,144.0,1,9,0
train,2,0,53560,53560,86986,0,14,1638,6.25,1,22,27,106.0,1,106.0,106.0,0.0,inf,0.0,1.0,106.0,0.0,0,9,0
test,2,0,53560,53560,86986,0,14,1638,6.25,1,22,27,-76.0,2,-38.0,106.0,144.0,0.7361111111111112,144.0,0.5,-19.0,144.0,1,10,0
train,2,0,53560,53560,86986,0,14,1638,6.25,1,22,27,106.0,1,106.0,106.0,0.0,inf,0.0,1.0,106.0,0.0,0,10,0
test,2,0,53560,53560,86986,0,14,1638,6.25,1,22,27,-76.0,2,-38.0,106.0,144.0,0.7361111111111112,144.0,0.5,-19.0,144.0,1,11,0
train,2,0,53560,53560,86986,0,14,1638,6.25,1,22,27,106.0,1,106.0,106.0,0.0,inf,0.0,1.0,106.0,0.0,0,11,0
test,2,0,53560,53560,86986,0,14,1638,6.25,1,22,27,-76.0,2,-38.0,106.0,144.0,0.7361111111111112,144.0,0.5,-19.0,144.0,1,12,0
train,2,0,53560,53560,86986,0,14,1638,6.25,1,22,27,106.0,1,106.0,106.0,0.0,inf,0.0,1.0,106.0,0.0,0,12,0
test,2,0,53560,53560,86986,0,14,1638,6.25,1,22,27,-76.0,2,-38.0,106.0,144.0,0.7361111111111112,144.0,0.5,-19.0,144.0,1,13,0
train,2,0,53560,53560,86986,0,14,1638,6.25,1,22,27,106.0,1,106.0,106.0,0.0,inf,0.0,1.0,106.0,0.0,0,13,0
test,2,0,53560,53560,86986,0,14,1638,6.25,1,22,27,-76.0,2,-38.0,106.0,144.0,0.7361111111111112,144.0,0.5,-19.0,144.0,1,14,0
train,2,0,53560,53560,86986,0,14,1638,6.25,1,22,27,106.0,1,106.0,106.0,0.0,inf,0.0,1.0,106.0,0.0,0,14,0
test,2,0,53560,53560,86986,0,14,1638,6.25,1,22,27,-76.0,2,-38.0,106.0,144.0,0.7361111111111112,144.0,0.5,-19.0,144.0,1,15,0
train,2,0,53560,53560,86986,0,14,1638,6.25,1,22,27,106.0,1,106.0,106.0,0.0,inf,0.0,1.0,106.0,0.0,0,15,0
test,2,0,53560,53560,86986,0,14,1638,6.25,1,22,27,-76.0,2,-38.0,106.0,144.0,0.7361111111111112,144.0,0.5,-19.0,144.0,1,16,0
train,2,0,53560,53560,86986,0,14,1638,6.25,1,22,27,106.0,1,106.0,106.0,0.0,inf,0.0,1.0,106.0,0.0,0,16,0
test,2,0,53560,53560,86986,0,14,1638,6.25,1,22,27,-76.0,2,-38.0,106.0,144.0,0.7361111111111112,144.0,0.5,-19.0,144.0,1,17,0
train,2,0,53560,53560,86986,0,14,1638,6.25,1,22,27,106.0,1,106.0,106.0,0.0,inf,0.0,1.0,106.0,0.0,0,17,0
test,2,0,53560,53560,86986,0,14,1638,6.25,1,22,27,-76.0,2,-38.0,106.0,144.0,0.7361111111111112,144.0,0.5,-19.0,144.0,1,18,0
train,2,0,53560,53560,86986,0,14,1638,6.25,1,22,27,106.0,1,106.0,106.0,0.0,inf,0.0,1.0,106.0,0.0,0,18,0
test,2,0,53560,53560,86986,0,14,1638,6.25,1,22,27,-76.0,2,-38.0,106.0,144.0,0.7361111111111112,144.0,0.5,-19.0,144.0,1,19,0
train,2,0,53560,53560,86986,0,14,1638,6.25,1,22,27,106.0,1,106.0,106.0,0.0,inf,0.0,1.0,106.0,0.0,0,19,0
test,2,0,53560,53560,86986,0,14,1638,6.25,1,22,27,-76.0,2,-38.0,106.0,144.0,0.7361111111111112,144.0,0.5,-19.0,144.0,1,20,0
train,2,0,53560,53560,86986,0,14,1638,6.25,1,22,27,106.0,1,106.0,106.0,0.0,inf,0.0,1.0,106.0,0.0,0,20,0
test,2,0,53560,53560,86986,0,14,1638,6.25,1,22,27,-76.0,2,-38.0,106.0,144.0,0.7361111111111112,144.0,0.5,-19.0,144.0,1,21,0
train,2,0,53560,53560,86986,0,14,1638,6.25,1,22,27,106.0,1,106.0,106.0,0.0,inf,0.0,1.0,106.0,0.0,0,21,0
test,2,0,53560,53560,86986,0,14,1638,6.25,1,22,27,-76.0,2,-38.0,106.0,144.0,0.7361111111111112,144.0,0.5,-19.0,144.0,1,22,0
train,2,0,53560,53560,86986,0,14,1638,6.25,1,22,27,106.0,1,106.0,106.0,0.0,inf,0.0,1.0,106.0,0.0,0,22,0
test,2,0,53560,53560,86986,0,14,1638,6.25,1,22,27,-76.0,2,-38.0,106.0,144.0,0.7361111111111112,144.0,0.5,-19.0,144.0,1,23,0
train,2,0,53560,53560,86986,0,14,1638,6.25,1,22,27,106.0,1,106.0,106.0,0.0,inf,0.0,1.0,106.0,0.0,0,23,0
test,2,0,53560,53560,86986,0,14,1638,6.25,1,22,27,-76.0,2,-38.0,106.0,144.0,0.7361111111111112,144.0,0.5,-19.0,144.0,1,24,0
train,2,0,53560,53560,86986,0,14,1638,6.25,1,22,27,106.0,1,106.0,106.0,0.0,inf,0.0,1.0,106.0,0.0,0,24,0
test,2,0,53560,53560,86986,0,14,1638,6.25,1,22,27,-76.0,2,-38.0,106.0,144.0,0.7361111111111112,144.0,0.5,-19.0,144.0,1,25,0
train,2,0,53560,53560,86986,0,14,1638,6.25,1,22,27,106.0,1,106.0,106.0,0.0,inf,0.0,1.0,106.0,0.0,0,25,0
test,2,0,53560,53560,86986,0,14,1638,6.25,1,22,27,-76.0,2,-38.0,106.0,144.0,0.7361111111111112,144.0,0.5,-19.0,144.0,1,26,0
train,2,0,53560,53560,86986,0,14,1638,6.25,1,22,27,106.0,1,106.0,106.0,0.0,inf,0.0,1.0,106.0,0.0,0,26,0
test,2,0,53560,53560,86986,0,14,1638,6.25,1,22,27,-76.0,2,-38.0,106.0,144.0,0.7361111111111112,144.0,0.5,-19.0,144.0,1,27,0
train,2,0,53560,53560,86986,0,14,1638,6.25,1,22,27,106.0,1,106.0,106.0,0.0,inf,0.0,1.0,106.0,0.0,0,27,0
test,2,0,53560,53560,86986,0,14,1638,6.25,1,22,27,-76.0,2,-38.0,106.0,144.0,0.7361111111111112,144.0,0.5,-19.0,144.0,1,28,0
train,2,0,53560,53560,86986,0,14,1638,6.25,1,22,27,106.0,1,106.0,106.0,0.0,inf,0.0,1.0,106.0,0.0,0,28,0
test,2,0,53560,53560,86986,0,14,1638,6.25,1,22,27,-76.0,2,-38.0,106.0,144.0,0.7361111111111112,144.0,0.5,-19.0,144.0,1,29,0
train,2,0,53560,53560,86986,0,14,1638,6.25,1,22,27,106.0,1,106.0,106.0,0.0,inf,0.0,1.0,106.0,0.0,0,29,0
test,2,0,53560,53560,86986,0,14,1638,6.25,1,22,27,-76.0,2,-38.0,106.0,144.0,0.7361111111111112,144.0,0.5,-19.0,144.0,1,30,0
train,2,0,53560,53560,86986,0,14,1638,6.25,1,22,27,106.0,1,106.0,106.0,0.0,inf,0.0,1.0,106.0,0.0,0,30,0
test,2,0,53560,53560,86986,0,14,1638,6.25,1,22,27,-76.0,2,-38.0,106.0,144.0,0.7361111111111112,144.0,0.5,-19.0,144.0,1,31,0
train,2,0,53560,53560,86986,0,14,1638,6.25,1,22,27,106.0,1,106.0,106.0,0.0,inf,0.0,1.0,106.0,0.0,0,31,0
test,2,0,53560,53560,86986,0,14,1638,6.25,1,22,27,-76.0,2,-38.0,106.0,144.0,0.7361111111111112,144.0,0.5,-19.0,144.0,1,32,0
train,2,0,53560,53560,86986,0,14,1638,6.25,1,22,27,106.0,1,106.0,106.0,0.0,inf,0.0,1.0,106.0,0.0,0,32,0
test,2,0,53560,53560,86986,0,14,1638,6.25,1,22,27,-76.0,2,-38.0,106.0,144.0,0.7361111111111112,144.0,0.5,-19.0,144.0,1,33,0
train,2,0,53560,53560,86986,0,14,1638,6.25,1,22,27,106.0,1,106.0,106.0,0.0,inf,0.0,1.0,106.0,0.0,0,33,0
test,2,0,53560,53560,86986,0,14,1638,6.25,1,22,27,-76.0,2,-38.0,106.0,144.0,0.7361111111111112,144.0,0.5,-19.0,144.0,1,34,0
train,2,0,53560,53560,86986,0,14,1638,6.25,1,22,27,106.0,1,106.0,106.0,0.0,inf,0.0,1.0,106.0,0.0,0,34,0
test,2,0,53560,53560,86986,0,14,1638,6.25,1,22,27,-76.0,2,-38.0,106.0,144.0,0.7361111111111112,144.0,0.5,-19.0,144.0,1,35,0
train,2,0,53560,53560,86986,0,14,1638,6.25,1,22,27,106.0,1,106.0,106.0,0.0,inf,0.0,1.0,106.0,0.0,0,35,0
test,2,0,53560,53560,86986,0,14,1638,6.25,1,22,27,-76.0,2,-38.0,106.0,144.0,0.7361111111111112,144.0,0.5,-19.0,144.0,1,36,0
train,2,0,53560,53560,86986,0,14,1638,6.25,1,22,27,106.0,1,106.0,106.0,0.0,inf,0.0,1.0,106.0,0.0,0,36,0
test,2,0,53560,53560,86986,0,14,1638,6.25,1,22,27,-76.0,2,-38.0,106.0,144.0,0.7361111111111112,144.0,0.5,-19.0,144.0,1,37,0
train,2,0,53560,53560,86986,0,14,1638,6.25,1,22,27,106.0,1,106.0,106.0,0.0,inf,0.0,1.0,106.0,0.0,0,37,0
test,2,0,53560,53560,86986,0,14,1638,6.25,1,22,27,-76.0,2,-38.0,106.0,144.0,0.7361111111111112,144.0,0.5,-19.0,144.0,1,38,0
train,2,0,53560,53560,86986,0,14,1638,6.25,1,22,27,106.0,1,106.0,106.0,0.0,inf,0.0,1.0,106.0,0.0,0,38,0
test,2,0,53560,53560,86986,0,14,1638,6.25,1,22,27,-76.0,2,-38.0,106.0,144.0,0.7361111111111112,144.0,0.5,-19.0,144.0,1,39,0
train,2,0,53560,53560,86986,0,14,1638,6.25,1,22,27,106.0,1,106.0,106.0,0.0,inf,0.0,1.0,106.0,0.0,0,39,0
test,2,0,53560,53560,86986,0,14,1638,6.25,1,22,27,-76.0,2,-38.0,106.0,144.0,0.7361111111111112,144.0,0.5,-19.0,144.0,1,40,0
train,2,0,53560,53560,86986,0,14,1638,6.25,1,22,27,106.0,1,106.0,106.0,0.0,inf,0.0,1.0,106.0,0.0,0,40,0
test,2,0,53560,53560,86986,0,14,1638,6.25,1,22,27,-76.0,2,-38.0,106.0,144.0,0.7361111111111112,144.0,0.5,-19.0,144.0,1,41,0
train,2,0,53560,53560,86986,0,14,1638,6.25,1,22,27,106.0,1,106.0,106.0,0.0,inf,0.0,1.0,106.0,0.0,0,41,0
test,2,0,53560,53560,86986,0,14,1638,6.25,1,22,27,-76.0,2,-38.0,106.0,144.0,0.7361111111111112,144.0,0.5,-19.0,144.0,1,42,0
train,2,0,53560,53560,86986,0,14,1638,6.25,1,22,27,106.0,1,106.0,106.0,0.0,inf,0.0,1.0,106.0,0.0,0,42,0
test,2,0,53560,53560,86986,0,14,1638,6.25,1,22,27,-76.0,2,-38.0,106.0,144.0,0.7361111111111112,144.0,0.5,-19.0,144.0,1,43,0
train,2,0,53560,53560,86986,0,14,1638,6.25,1,22,27,106.0,1,106.0,106.0,0.0,inf,0.0,1.0,106.0,0.0,0,43,0
test,2,0,53560,53560,86986,0,14,1638,6.25,1,22,27,-76.0,2,-38.0,106.0,144.0,0.7361111111111112,144.0,0.5,-19.0,144.0,1,44,0
train,2,0,53560,53560,86986,0,14,1638,6.25,1,22,27,106.0,1,106.0,106.0,0.0,inf,0.0,1.0,106.0,0.0,0,44,0
test,2,0,53560,53560,86986,0,14,1638,6.25,1,22,27,-76.0,2,-38.0,106.0,144.0,0.7361111111111112,144.0,0.5,-19.0,144.0,1,45,0
train,2,0,53560,53560,86986,0,14,1638,6.25,1,22,27,106.0,1,106.0,106.0,0.0,inf,0.0,1.0,106.0,0.0,0,45,0
test,2,0,53560,53560,86986,0,14,1638,6.25,1,22,27,-76.0,2,-38.0,106.0,144.0,0.7361111111111112,144.0,0.5,-19.0,144.0,1,46,0
train,2,0,53560,53560,86986,0,14,1638,6.25,1,22,27,106.0,1,106.0,106.0,0.0,inf,0.0,1.0,106.0,0.0,0,46,0
test,2,0,53560,53560,86986,0,14,1638,6.25,1,22,27,-76.0,2,-38.0,106.0,144.0,0.7361111111111112,144.0,0.5,-19.0,144.0,1,47,0
train,2,0,53560,53560,86986,0,14,1638,6.25,1,22,27,106.0,1,106.0,106.0,0.0,inf,0.0,1.0,106.0,0.0,0,47,0
test,2,0,53560,53560,86986,0,14,1638,6.25,1,22,27,-76.0,2,-38.0,106.0,144.0,0.7361111111111112,144.0,0.5,-19.0,144.0,1,48,0
train,2,0,53560,53560,86986,0,14,1638,6.25,1,22,27,106.0,1,106.0,106.0,0.0,inf,0.0,1.0,106.0,0.0,0,48,0
test,2,0,53560,53560,86986,0,14,1638,6.25,1,22,27,-76.0,2,-38.0,106.0,144.0,0.7361111111111112,144.0,0.5,-19.0,144.0,1,49,0
train,2,0,53560,53560,86986,0,14,1638,6.25,1,22,27,106.0,1,106.0,106.0,0.0,inf,0.0,1.0,106.0,0.0,0,49,0
test,2,0,53560,53560,86986,0,14,1638,6.25,1,22,27,-76.0,2,-38.0,106.0,144.0,0.7361111111111112,144.0,0.5,-19.0,144.0,1,50,0
train,2,0,53560,53560,86986,0,14,1638,6.25,1,22,27,106.0,1,106.0,106.0,0.0,inf,0.0,1.0,106.0,0.0,0,50,0
test,2,0,53560,53560,86986,0,14,1638,6.25,1,22,27,-76.0,2,-38.0,106.0,144.0,0.7361111111111112,144.0,0.5,-19.0,144.0,1,51,0
train,2,0,53560,53560,86986,0,14,1638,6.25,1,22,27,106.0,1,106.0,106.0,0.0,inf,0.0,1.0,106.0,0.0,0,51,0
test,2,0,53560,53560,86986,0,14,1638,6.25,1,22,27,-76.0,2,-38.0,106.0,144.0,0.7361111111111112,144.0,0.5,-19.0,144.0,1,52,0
train,2,0,53560,53560,86986,0,14,1638,6.25,1,22,27,106.0,1,106.0,106.0,0.0,inf,0.0,1.0,106.0,0.0,0,52,0
test,2,0,53560,53560,86986,0,14,1638,6.25,1,22,27,-76.0,2,-38.0,106.0,144.0,0.7361111111111112,144.0,0.5,-19.0,144.0,1,53,0
train,2,0,53560,53560,86986,0,14,1638,6.25,1,22,27,106.0,1,106.0,106.0,0.0,inf,0.0,1.0,106.0,0.0,0,53,0
test,2,0,53560,53560,86986,0,14,1638,6.25,1,22,27,-76.0,2,-38.0,106.0,144.0,0.7361111111111112,144.0,0.5,-19.0,144.0,1,54,0
train,2,0,53560,53560,86986,0,14,1638,6.25,1,22,27,106.0,1,106.0,106.0,0.0,inf,0.0,1.0,106.0,0.0,0,54,0
test,2,0,53560,53560,86986,0,14,1638,6.25,1,22,27,-76.0,2,-38.0,106.0,144.0,0.7361111111111112,144.0,0.5,-19.0,144.0,1,55,0
train,2,0,53560,53560,86986,0,14,1638,6.25,1,22,27,106.0,1,106.0,106.0,0.0,inf,0.0,1.0,106.0,0.0,0,55,0
test,2,0,53560,53560,86986,0,14,1638,6.25,1,22,27,-76.0,2,-38.0,106.0,144.0,0.7361111111111112,144.0,0.5,-19.0,144.0,1,56,0
train,2,0,53560,53560,86986,0,14,1638,6.25,1,22,27,106.0,1,106.0,106.0,0.0,inf,0.0,1.0,106.0,0.0,0,56,0
test,2,0,53560,53560,86986,0,14,1638,6.25,1,22,27,-76.0,2,-38.0,106.0,144.0,0.7361111111111112,144.0,0.5,-19.0,144.0,1,57,0
train,2,0,53560,53560,86986,0,14,1638,6.25,1,22,27,106.0,1,106.0,106.0,0.0,inf,0.0,1.0,106.0,0.0,0,57,0
test,2,0,53560,53560,86986,0,14,1638,6.25,1,22,27,-76.0,2,-38.0,106.0,144.0,0.7361111111111112,144.0,0.5,-19.0,144.0,1,58,0
train,2,0,53560,53560,86986,0,14,1638,6.25,1,22,27,106.0,1,106.0,106.0,0.0,inf,0.0,1.0,106.0,0.0,0,58,0
test,2,0,53560,53560,86986,0,14,1638,6.25,1,22,27,-76.0,2,-38.0,106.0,144.0,0.7361111111111112,144.0,0.5,-19.0,144.0,1,59,0
train,2,0,53560,53560,86986,0,14,1638,6.25,1,22,27,106.0,1,106.0,106.0,0.0,inf,0.0,1.0,106.0,0.0,0,59,0
test,2,0,53560,53560,86986,0,14,1638,6.25,1,22,27,-76.0,2,-38.0,106.0,144.0,0.7361111111111112,144.0,0.5,-19.0,144.0,1,60,0
train,2,0,53560,53560,86986,0,14,1638,6.25,1,22,27,106.0,1,106.0,106.0,0.0,inf,0.0,1.0,106.0,0.0,0,60,0
test,2,0,53560,53560,86986,0,14,1638,6.25,1,22,27,-76.0,2,-38.0,106.0,144.0,0.7361111111111112,144.0,0.5,-19.0,144.0,1,61,0
train,2,0,53560,53560,86986,0,14,1638,6.25,1,22,27,106.0,1,106.0,106.0,0.0,inf,0.0,1.0,106.0,0.0,0,61,0
test,2,0,53560,53560,86986,0,14,1638,6.25,1,22,27,-76.0,2,-38.0,106.0,144.0,0.7361111111111112,144.0,0.5,-19.0,144.0,1,62,0
train,2,0,53560,53560,86986,0,14,1638,6.25,1,22,27,106.0,1,106.0,106.0,0.0,inf,0.0,1.0,106.0,0.0,0,62,0
test,2,0,53560,53560,86986,0,14,1638,6.25,1,22,27,-76.0,2,-38.0,106.0,144.0,0.7361111111111112,144.0,0.5,-19.0,144.0,1,63,0
train,2,0,53560,53560,86986,0,14,1638,6.25,1,22,27,106.0,1,106.0,106.0,0.0,inf,0.0,1.0,106.0,0.0,0,63,0
test,2,0,53560,53560,86986,0,14,1638,6.25,1,22,27,-76.0,2,-38.0,106.0,144.0,0.7361111111111112,144.0,0.5,-19.0,144.0,1,64,0
train,2,0,53560,53560,86986,0,14,1638,6.25,1,22,27,106.0,1,106.0,106.0,0.0,inf,0.0,1.0,106.0,0.0,0,64,0
test,2,0,53560,53560,86986,0,14,1638,6.25,1,22,27,-76.0,2,-38.0,106.0,144.0,0.7361111111111112,144.0,0.5,-19.0,144.0,1,65,0
train,2,0,53560,53560,86986,0,14,1638,6.25,1,22,27,106.0,1,106.0,106.0,0.0,inf,0.0,1.0,106.0,0.0,0,65,0
test,2,0,53560,53560,86986,0,14,1638,6.25,1,22,27,-76.0,2,-38.0,106.0,144.0,0.7361111111111112,144.0,0.5,-19.0,144.0,1,66,0
train,2,0,53560,53560,86986,0,14,1638,6.25,1,22,27,106.0,1,106.0,106.0,0.0,inf,0.0,1.0,106.0,0.0,0,66,0
test,2,0,53560,53560,86986,0,14,1638,6.25,1,22,27,-76.0,2,-38.0,106.0,144.0,0.7361111111111112,144.0,0.5,-19.0,144.0,1,67,0
train,2,0,53560,53560,86986,0,14,1638,6.25,1,22,27,106.0,1,106.0,106.0,0.0,inf,0.0,1.0,106.0,0.0,0,67,0
test,2,0,53560,53560,86986,0,14,1638,6.25,1,22,27,-76.0,2,-38.0,106.0,144.0,0.7361111111111112,144.0,0.5,-19.0,144.0,1,68,0
train,2,0,53560,53560,86986,0,14,1638,6.25,1,22,27,106.0,1,106.0,106.0,0.0,inf,0.0,1.0,106.0,0.0,0,68,0
test,2,0,53560,53560,86986,0,14,1638,6.25,1,22,27,-76.0,2,-38.0,106.0,144.0,0.7361111111111112,144.0,0.5,-19.0,144.0,1,69,0
train,2,0,53560,53560,86986,0,14,1638,6.25,1,22,27,106.0,1,106.0,106.0,0.0,inf,0.0,1.0,106.0,0.0,0,69,0
test,2,0,53560,53560,86986,0,14,1638,6.25,1,22,27,-76.0,2,-38.0,106.0,144.0,0.7361111111111112,144.0,0.5,-19.0,144.0,1,70,0
train,2,0,53560,53560,86986,0,14,1638,6.25,1,22,27,106.0,1,106.0,106.0,0.0,inf,0.0,1.0,106.0,0.0,0,70,0
test,2,0,53560,53560,86986,0,14,1638,6.25,1,22,27,-76.0,2,-38.0,106.0,144.0,0.7361111111111112,144.0,0.5,-19.0,144.0,1,71,0
train,2,0,53560,53560,86986,0,14,1638,6.25,1,22,27,106.0,1,106.0,106.0,0.0,inf,0.0,1.0,106.0,0.0,0,71,0
test,2,0,53560,53560,86986,0,14,1638,6.25,1,22,27,-76.0,2,-38.0,106.0,144.0,0.7361111111111112,144.0,0.5,-19.0,144.0,1,72,0
train,2,0,53560,53560,86986,0,14,1638,6.25,1,22,27,106.0,1,106.0,106.0,0.0,inf,0.0,1.0,106.0,0.0,0,72,0
test,2,0,53560,53560,86986,0,14,1638,6.25,1,22,27,-76.0,2,-38.0,106.0,144.0,0.7361111111111112,144.0,0.5,-19.0,144.0,1,73,0
train,2,0,53560,53560,86986,0,14,1638,6.25,1,22,27,106.0,1,106.0,106.0,0.0,inf,0.0,1.0,106.0,0.0,0,73,0
test,2,0,53560,53560,86986,0,14,1638,6.25,1,22,27,-76.0,2,-38.0,106.0,144.0,0.7361111111111112,144.0,0.5,-19.0,144.0,1,74,0
train,2,0,53560,53560,86986,0,14,1638,6.25,1,22,27,106.0,1,106.0,106.0,0.0,inf,0.0,1.0,106.0,0.0,0,74,0
test,2,0,53560,53560,86986,0,14,1638,6.25,1,22,27,-76.0,2,-38.0,106.0,144.0,0.7361111111111112,144.0,0.5,-19.0,144.0,1,75,0
train,2,0,53560,53560,86986,0,14,1638,6.25,1,22,27,106.0,1,106.0,106.0,0.0,inf,0.0,1.0,106.0,0.0,0,75,0
test,2,0,53560,53560,86986,0,14,1638,6.25,1,22,27,-76.0,2,-38.0,106.0,144.0,0.7361111111111112,144.0,0.5,-19.0,144.0,1,76,0
train,2,0,53560,53560,86986,0,14,1638,6.25,1,22,27,106.0,1,106.0,106.0,0.0,inf,0.0,1.0,106.0,0.0,0,76,0
test,2,0,53560,53560,86986,0,14,1638,6.25,1,22,27,-76.0,2,-38.0,106.0,144.0,0.7361111111111112,144.0,0.5,-19.0,144.0,1,77,0
train,2,0,53560,53560,86986,0,14,1638,6.25,1,22,27,106.0,1,106.0,106.0,0.0,inf,0.0,1.0,106.0,0.0,0,77,0
test,2,0,53560,53560,86986,0,14,1638,6.25,1,22,27,-76.0,2,-38.0,106.0,144.0,0.7361111111111112,144.0,0.5,-19.0,144.0,1,78,0
train,2,0,53560,53560,86986,0,14,1638,6.25,1,22,27,106.0,1,106.0,106.0,0.0,inf,0.0,1.0,106.0,0.0,0,78,0
test,2,0,53560,53560,86986,0,14,1638,6.25,1,22,27,-76.0,2,-38.0,106.0,144.0,0.7361111111111112,144.0,0.5,-19.0,144.0,1,79,0
train,2,0,53560,53560,86986,0,14,1638,6.25,1,22,27,106.0,1,106.0,106.0,0.0,inf,0.0,1.0,106.0,0.0,0,79,0
test,2,0,53560,53560,86986,0,14,1638,6.25,1,22,27,-76.0,2,-38.0,106.0,144.0,0.7361111111111112,144.0,0.5,-19.0,144.0,1,80,0
train,2,0,53560,53560,86986,0,14,1638,6.25,1,22,27,106.0,1,106.0,106.0,0.0,inf,0.0,1.0,106.0,0.0,0,80,0
test,2,0,53560,53560,86986,0,14,1638,6.25,1,22,27,-76.0,2,-38.0,106.0,144.0,0.7361111111111112,144.0,0.5,-19.0,144.0,1,81,0
train,2,0,53560,53560,86986,0,14,1638,6.25,1,22,27,106.0,1,106.0,106.0,0.0,inf,0.0,1.0,106.0,0.0,0,81,0
test,2,0,53560,53560,86986,0,14,1638,6.25,1,22,27,-76.0,2,-38.0,106.0,144.0,0.7361111111111112,144.0,0.5,-19.0,144.0,1,82,0
train,2,0,53560,53560,86986,0,14,1638,6.25,1,22,27,106.0,1,106.0,106.0,0.0,inf,0.0,1.0,106.0,0.0,0,82,0
test,2,0,53560,53560,86986,0,14,1638,6.25,1,22,27,-76.0,2,-38.0,106.0,144.0,0.7361111111111112,144.0,0.5,-19.0,144.0,1,83,0
train,2,0,53560,53560,86986,0,14,1638,6.25,1,22,27,106.0,1,106.0,106.0,0.0,inf,0.0,1.0,106.0,0.0,0,83,0
test,2,0,53560,53560,86986,0,14,1638,6.25,1,22,27,-76.0,2,-38.0,106.0,144.0,0.7361111111111112,144.0,0.5,-19.0,144.0,1,84,0
train,2,0,53560,53560,86986,0,14,1638,6.25,1,22,27,106.0,1,106.0,106.0,0.0,inf,0.0,1.0,106.0,0.0,0,84,0
test,2,0,53560,53560,86986,0,14,1638,6.25,1,22,27,-76.0,2,-38.0,106.0,144.0,0.7361111111111112,144.0,0.5,-19.0,144.0,1,85,0
train,2,0,53560,53560,86986,0,14,1638,6.25,1,22,27,106.0,1,106.0,106.0,0.0,inf,0.0,1.0,106.0,0.0,0,85,0
test,2,0,53560,53560,86986,0,14,1638,6.25,1,22,27,-76.0,2,-38.0,106.0,144.0,0.7361111111111112,144.0,0.5,-19.0,144.0,1,86,0
train,2,0,53560,53560,86986,0,14,1638,6.25,1,22,27,106.0,1,106.0,106.0,0.0,inf,0.0,1.0,106.0,0.0,0,86,0
test,2,0,53560,53560,86986,0,14,1638,6.25,1,22,27,-76.0,2,-38.0,106.0,144.0,0.7361111111111112,144.0,0.5,-19.0,144.0,1,87,0
train,2,0,53560,53560,86986,0,14,1638,6.25,1,22,27,106.0,1,106.0,106.0,0.0,inf,0.0,1.0,106.0,0.0,0,87,0
test,2,0,53560,53560,86986,0,14,1638,6.25,1,22,27,-76.0,2,-38.0,106.0,144.0,0.7361111111111112,144.0,0.5,-19.0,144.0,1,88,0
train,2,0,53560,53560,86986,0,14,1638,6.25,1,22,27,106.0,1,106.0,106.0,0.0,inf,0.0,1.0,106.0,0.0,0,88,0
test,2,0,53560,53560,86986,0,14,1638,6.25,1,22,27,-76.0,2,-38.0,106.0,144.0,0.7361111111111112,144.0,0.5,-19.0,144.0,1,89,0
train,2,0,53560,53560,86986,0,14,1638,6.25,1,22,27,106.0,1,106.0,106.0,0.0,inf,0.0,1.0,106.0,0.0,0,89,0
test,2,0,53560,53560,86986,0,14,1638,6.25,1,22,27,-76.0,2,-38.0,106.0,144.0,0.7361111111111112,144.0,0.5,-19.0,144.0,1,90,0
train,2,0,53560,53560,86986,0,14,1638,6.25,1,22,27,106.0,1,106.0,106.0,0.0,inf,0.0,1.0,106.0,0.0,0,90,0
test,2,0,53560,53560,86986,0,14,1638,6.25,1,22,27,-76.0,2,-38.0,106.0,144.0,0.7361111111111112,144.0,0.5,-19.0,144.0,1,91,0
train,2,0,53560,53560,86986,0,14,1638,6.25,1,22,27,106.0,1,106.0,106.0,0.0,inf,0.0,1.0,106.0,0.0,0,91,0
test,2,0,53560,53560,86986,0,14,1638,6.25,1,22,27,-76.0,2,-38.0,106.0,144.0,0.7361111111111112,144.0,0.5,-19.0,144.0,1,92,0
train,2,0,53560,53560,86986,0,14,1638,6.25,1,22,27,106.0,1,106.0,106.0,0.0,inf,0.0,1.0,106.0,0.0,0,92,0
test,2,0,53560,53560,86986,0,14,1638,6.25,1,22,27,-76.0,2,-38.0,106.0,144.0,0.7361111111111112,144.0,0.5,-19.0,144.0,1,93,0
train,2,0,53560,53560,86986,0,14,1638,6.25,1,22,27,106.0,1,106.0,106.0,0.0,inf,0.0,1.0,106.0,0.0,0,93,0
test,2,0,53560,53560,86986,0,14,1638,6.25,1,22,27,-76.0,2,-38.0,106.0,144.0,0.7361111111111112,144.0,0.5,-19.0,144.0,1,94,0
train,2,0,53560,53560,86986,0,14,1638,6.25,1,22,27,106.0,1,106.0,106.0,0.0,inf,0.0,1.0,106.0,0.0,0,94,0
test,2,0,53560,53560,86986,0,14,1638,6.25,1,22,27,-76.0,2,-38.0,106.0,144.0,0.7361111111111112,144.0,0.5,-19.0,144.0,1,95,0
train,2,0,53560,53560,86986,0,14,1638,6.25,1,22,27,106.0,1,106.0,106.0,0.0,inf,0.0,1.0,106.0,0.0,0,95,0
test,2,0,53560,53560,86986,0,14,1638,6.25,1,22,27,-76.0,2,-38.0,106.0,144.0,0.7361111111111112,144.0,0.5,-19.0,144.0,1,96,0
train,2,0,53560,53560,86986,0,14,1638,6.25,1,22,27,106.0,1,106.0,106.0,0.0,inf,0.0,1.0,106.0,0.0,0,96,0
test,2,0,53560,53560,86986,0,14,1638,6.25,1,22,27,-76.0,2,-38.0,106.0,144.0,0.7361111111111112,144.0,0.5,-19.0,144.0,1,97,0
train,2,0,53560,53560,86986,0,14,1638,6.25,1,22,27,106.0,1,106.0,106.0,0.0,inf,0.0,1.0,106.0,0.0,0,97,0
test,2,0,53560,53560,86986,0,14,1638,6.25,1,22,27,-76.0,2,-38.0,106.0,144.0,0.7361111111111112,144.0,0.5,-19.0,144.0,1,98,0
train,2,0,53560,53560,86986,0,14,1638,6.25,1,22,27,106.0,1,106.0,106.0,0.0,inf,0.0,1.0,106.0,0.0,0,98,0
test,2,0,53560,53560,86986,0,14,1638,6.25,1,22,27,-76.0,2,-38.0,106.0,144.0,0.7361111111111112,144.0,0.5,-19.0,144.0,1,99,0
train,2,0,53560,53560,86986,0,14,1638,6.25,1,22,27,106.0,1,106.0,106.0,0.0,inf,0.0,1.0,106.0,0.0,0,99,0
test,2,0,53560,53560,86986,0,14,1638,6.25,1,22,27,-76.0,2,-38.0,106.0,144.0,0.7361111111111112,144.0,0.5,-19.0,144.0,1,100,0
train,2,0,53560,53560,86986,0,14,1638,6.25,1,22,27,106.0,1,106.0,106.0,0.0,inf,0.0,1.0,106.0,0.0,0,100,0
test,3,0,86986,86986,125287,0,12,1128,9.0,3,27,5,72.0,9,24.0,262.0,238.0,1.100840336134454,170.0,0.2222222222222222,2.6666666666666665,34.0,5,0,0
train,3,0,86986,86986,125287,0,12,1128,9.0,3,27,5,257.0,7,257.0,393.0,136.0,2.889705882352941,102.0,0.4285714285714285,36.71428571428572,34.0,3,0,0
test,3,0,86986,86986,125287,0,12,1128,9.0,3,27,5,72.0,9,24.0,262.0,238.0,1.100840336134454,170.0,0.2222222222222222,2.6666666666666665,34.0,5,1,0
train,3,0,86986,86986,125287,0,12,1128,9.0,3,27,5,257.0,7,257.0,393.0,136.0,2.889705882352941,102.0,0.4285714285714285,36.71428571428572,34.0,3,1,0
test,3,0,86986,86986,125287,2,13,980,3.75,9,23,4,144.0,8,48.0,222.0,174.0,1.2758620689655171,116.0,0.25,6.0,29.0,4,2,2
train,3,0,86986,86986,125287,2,13,980,3.75,9,23,4,275.0,5,275.0,333.0,58.0,5.741379310344827,29.0,0.6,55.0,29.0,1,2,2
test,3,0,86986,86986,125287,2,13,980,3.75,9,23,4,144.0,8,48.0,222.0,174.0,1.2758620689655171,116.0,0.25,6.0,29.0,4,3,2
train,3,0,86986,86986,125287,2,13,980,3.75,9,23,4,275.0,5,275.0,333.0,58.0,5.741379310344827,29.0,0.6,55.0,29.0,1,3,2
test,3,0,86986,86986,125287,2,13,980,3.75,9,23,4,144.0,8,48.0,222.0,174.0,1.2758620689655171,116.0,0.25,6.0,29.0,4,4,2
train,3,0,86986,86986,125287,2,13,980,3.75,9,23,4,275.0,5,275.0,333.0,58.0,5.741379310344827,29.0,0.6,55.0,29.0,1,4,2
test,3,0,86986,86986,125287,5,13,1541,3.75,3,23,2,762.0,14,254.0,444.0,190.0,2.336842105263158,114.0,0.2857142857142857,18.142857142857142,19.0,6,5,5
train,3,0,86986,86986,125287,5,13,1541,3.75,3,23,2,276.0,6,276.0,333.0,57.0,5.842105263157895,38.0,0.5,46.0,19.0,2,5,5
test,3,0,86986,86986,125287,6,13,808,3.75,8,23,3,162.0,9,54.0,222.0,168.0,1.3214285714285714,120.0,0.2222222222222222,6.0,24.0,5,6,6
train,3,0,86986,86986,125287,6,13,808,3.75,8,23,3,285.0,5,285.0,333.0,48.0,6.9375,24.0,0.6,57.0,24.0,1,6,6
test,3,0,86986,86986,125287,7,13,538,4.0,3,23,2,210.0,10,70.0,222.0,152.0,1.4605263157894737,114.0,0.2,7.0,19.0,6,7,7
train,3,0,86986,86986,125287,7,13,538,4.0,3,23,2,295.0,5,295.0,333.0,38.0,8.763157894736842,19.0,0.6,59.0,19.0,1,7,7
test,3,0,86986,86986,125287,7,13,538,4.0,3,23,2,210.0,10,70.0,222.0,152.0,1.4605263157894737,114.0,0.2,7.0,19.0,6,8,7
train,3,0,86986,86986,125287,7,13,538,4.0,3,23,2,295.0,5,295.0,333.0,38.0,8.763157894736842,19.0,0.6,59.0,19.0,1,8,7
test,3,0,86986,86986,125287,7,13,538,4.0,3,23,2,210.0,10,70.0,222.0,152.0,1.4605263157894737,114.0,0.2,7.0,19.0,6,9,7
train,3,0,86986,86986,125287,7,13,538,4.0,3,23,2,295.0,5,295.0,333.0,38.0,8.763157894736842,19.0,0.6,59.0,19.0,1,9,7
test,3,0,86986,86986,125287,10,13,543,10.0,3,23,2,324.0,8,108.0,222.0,114.0,1.947368421052632,76.0,0.25,13.5,19.0,4,10,10
train,3,0,86986,86986,125287,10,13,543,10.0,3,23,2,314.0,4,314.0,333.0,19.0,17.526315789473685,19.0,0.75,78.5,19.0,1,10,10
test,3,0,86986,86986,125287,10,13,543,10.0,3,23,2,324.0,8,108.0,222.0,114.0,1.947368421052632,76.0,0.25,13.5,19.0,4,11,10
train,3,0,86986,86986,125287,10,13,543,10.0,3,23,2,314.0,4,314.0,333.0,19.0,17.526315789473685,19.0,0.75,78.5,19.0,1,11,10
test,3,0,86986,86986,125287,10,13,543,10.0,3,23,2,324.0,8,108.0,222.0,114.0,1.947368421052632,76.0,0.25,13.5,19.0,4,12,10
train,3,0,86986,86986,125287,10,13,543,10.0,3,23,2,314.0,4,314.0,333.0,19.0,17.526315789473685,19.0,0.75,78.5,19.0,1,12,10
test,3,0,86986,86986,125287,10,13,543,10.0,3,23,2,324.0,8,108.0,222.0,114.0,1.947368421052632,76.0,0.25,13.5,19.0,4,13,10
train,3,0,86986,86986,125287,10,13,543,10.0,3,23,2,314.0,4,314.0,333.0,19.0,17.526315789473685,19.0,0.75,78.5,19.0,1,13,10
test,3,0,86986,86986,125287,10,13,543,10.0,3,23,2,324.0,8,108.0,222.0,114.0,1.947368421052632,76.0,0.25,13.5,19.0,4,14,10
train,3,0,86986,86986,125287,10,13,543,10.0,3,23,2,314.0,4,314.0,333.0,19.0,17.526315789473685,19.0,0.75,78.5,19.0,1,14,10
test,3,0,86986,86986,125287,10,13,543,10.0,3,23,2,324.0,8,108.0,222.0,114.0,1.947368421052632,76.0,0.25,13.5,19.0,4,15,10
train,3,0,86986,86986,125287,10,13,543,10.0,3,23,2,314.0,4,314.0,333.0,19.0,17.526315789473685,19.0,0.75,78.5,19.0,1,15,10
test,3,0,86986,86986,125287,10,13,543,10.0,3,23,2,324.0,8,108.0,222.0,114.0,1.947368421052632,76.0,0.25,13.5,19.0,4,16,10
train,3,0,86986,86986,125287,10,13,543,10.0,3,23,2,314.0,4,314.0,333.0,19.0,17.526315789473685,19.0,0.75,78.5,19.0,1,16,10
test,3,0,86986,86986,125287,10,13,543,10.0,3,23,2,324.0,8,108.0,222.0,114.0,1.947368421052632,76.0,0.25,13.5,19.0,4,17,10
train,3,0,86986,86986,125287,10,13,543,10.0,3,23,2,314.0,4,314.0,333.0,19.0,17.526315789473685,19.0,0.75,78.5,19.0,1,17,10
test,3,0,86986,86986,125287,10,13,543,10.0,3,23,2,324.0,8,108.0,222.0,114.0,1.947368421052632,76.0,0.25,13.5,19.0,4,18,10
train,3,0,86986,86986,125287,10,13,543,10.0,3,23,2,314.0,4,314.0,333.0,19.0,17.526315789473685,19.0,0.75,78.5,19.0,1,18,10
test,3,0,86986,86986,125287,10,13,543,10.0,3,23,2,324.0,8,108.0,222.0,114.0,1.947368421052632,76.0,0.25,13.5,19.0,4,19,10
train,3,0,86986,86986,125287,10,13,543,10.0,3,23,2,314.0,4,314.0,333.0,19.0,17.526315789473685,19.0,0.75,78.5,19.0,1,19,10
test,3,0,86986,86986,125287,10,13,543,10.0,3,23,2,324.0,8,108.0,222.0,114.0,1.947368421052632,76.0,0.25,13.5,19.0,4,20,10
train,3,0,86986,86986,125287,10,13,543,10.0,3,23,2,314.0,4,314.0,333.0,19.0,17.526315789473685,19.0,0.75,78.5,19.0,1,20,10
test,3,0,86986,86986,125287,10,13,543,10.0,3,23,2,324.0,8,108.0,222.0,114.0,1.947368421052632,76.0,0.25,13.5,19.0,4,21,10
train,3,0,86986,86986,125287,10,13,543,10.0,3,23,2,314.0,4,314.0,333.0,19.0,17.526315789473685,19.0,0.75,78.5,19.0,1,21,10
test,3,0,86986,86986,125287,10,13,543,10.0,3,23,2,324.0,8,108.0,222.0,114.0,1.947368421052632,76.0,0.25,13.5,19.0,4,22,10
train,3,0,86986,86986,125287,10,13,543,10.0,3,23,2,314.0,4,314.0,333.0,19.0,17.526315789473685,19.0,0.75,78.5,19.0,1,22,10
test,3,0,86986,86986,125287,10,13,543,10.0,3,23,2,324.0,8,108.0,222.0,114.0,1.947368421052632,76.0,0.25,13.5,19.0,4,23,10
train,3,0,86986,86986,125287,10,13,543,10.0,3,23,2,314.0,4,314.0,333.0,19.0,17.526315789473685,19.0,0.75,78.5,19.0,1,23,10
test,3,0,86986,86986,125287,10,13,543,10.0,3,23,2,324.0,8,108.0,222.0,114.0,1.947368421052632,76.0,0.25,13.5,19.0,4,24,10
train,3,0,86986,86986,125287,10,13,543,10.0,3,23,2,314.0,4,314.0,333.0,19.0,17.526315789473685,19.0,0.75,78.5,19.0,1,24,10
test,3,0,86986,86986,125287,10,13,543,10.0,3,23,2,324.0,8,108.0,222.0,114.0,1.947368421052632,76.0,0.25,13.5,19.0,4,25,10
train,3,0,86986,86986,125287,10,13,543,10.0,3,23,2,314.0,4,314.0,333.0,19.0,17.526315789473685,19.0,0.75,78.5,19.0,1,25,10
test,3,0,86986,86986,125287,10,13,543,10.0,3,23,2,324.0,8,108.0,222.0,114.0,1.947368421052632,76.0,0.25,13.5,19.0,4,26,10
train,3,0,86986,86986,125287,10,13,543,10.0,3,23,2,314.0,4,314.0,333.0,19.0,17.526315789473685,19.0,0.75,78.5,19.0,1,26,10
test,3,0,86986,86986,125287,10,13,543,10.0,3,23,2,324.0,8,108.0,222.0,114.0,1.947368421052632,76.0,0.25,13.5,19.0,4,27,10
train,3,0,86986,86986,125287,10,13,543,10.0,3,23,2,314.0,4,314.0,333.0,19.0,17.526315789473685,19.0,0.75,78.5,19.0,1,27,10
test,3,0,86986,86986,125287,10,13,543,10.0,3,23,2,324.0,8,108.0,222.0,114.0,1.947368421052632,76.0,0.25,13.5,19.0,4,28,10
train,3,0,86986,86986,125287,10,13,543,10.0,3,23,2,314.0,4,314.0,333.0,19.0,17.526315789473685,19.0,0.75,78.5,19.0,1,28,10
test,3,0,86986,86986,125287,10,13,543,10.0,3,23,2,324.0,8,108.0,222.0,114.0,1.947368421052632,76.0,0.25,13.5,19.0,4,29,10
train,3,0,86986,86986,125287,10,13,543,10.0,3,23,2,314.0,4,314.0,333.0,19.0,17.526315789473685,19.0,0.75,78.5,19.0,1,29,10
test,3,0,86986,86986,125287,10,13,543,10.0,3,23,2,324.0,8,108.0,222.0,114.0,1.947368421052632,76.0,0.25,13.5,19.0,4,30,10
train,3,0,86986,86986,125287,10,13,543,10.0,3,23,2,314.0,4,314.0,333.0,19.0,17.526315789473685,19.0,0.75,78.5,19.0,1,30,10
test,3,0,86986,86986,125287,10,13,543,10.0,3,23,2,324.0,8,108.0,222.0,114.0,1.947368421052632,76.0,0.25,13.5,19.0,4,31,10
train,3,0,86986,86986,125287,10,13,543,10.0,3,23,2,314.0,4,314.0,333.0,19.0,17.526315789473685,19.0,0.75,78.5,19.0,1,31,10
test,3,0,86986,86986,125287,10,13,543,10.0,3,23,2,324.0,8,108.0,222.0,114.0,1.947368421052632,76.0,0.25,13.5,19.0,4,32,10
train,3,0,86986,86986,125287,10,13,543,10.0,3,23,2,314.0,4,314.0,333.0,19.0,17.526315789473685,19.0,0.75,78.5,19.0,1,32,10
test,3,0,86986,86986,125287,10,13,543,10.0,3,23,2,324.0,8,108.0,222.0,114.0,1.947368421052632,76.0,0.25,13.5,19.0,4,33,10
train,3,0,86986,86986,125287,10,13,543,10.0,3,23,2,314.0,4,314.0,333.0,19.0,17.526315789473685,19.0,0.75,78.5,19.0,1,33,10
test,3,0,86986,86986,125287,10,13,543,10.0,3,23,2,324.0,8,108.0,222.0,114.0,1.947368421052632,76.0,0.25,13.5,19.0,4,34,10
train,3,0,86986,86986,125287,10,13,543,10.0,3,23,2,314.0,4,314.0,333.0,19.0,17.526315789473685,19.0,0.75,78.5,19.0,1,34,10
test,3,0,86986,86986,125287,10,13,543,10.0,3,23,2,324.0,8,108.0,222.0,114.0,1.947368421052632,76.0,0.25,13.5,19.0,4,35,10
train,3,0,86986,86986,125287,10,13,543,10.0,3,23,2,314.0,4,314.0,333.0,19.0,17.526315789473685,19.0,0.75,78.5,19.0,1,35,10
test,3,0,86986,86986,125287,10,13,543,10.0,3,23,2,324.0,8,108.0,222.0,114.0,1.947368421052632,76.0,0.25,13.5,19.0,4,36,10
train,3,0,86986,86986,125287,10,13,543,10.0,3,23,2,314.0,4,314.0,333.0,19.0,17.526315789473685,19.0,0.75,78.5,19.0,1,36,10
test,3,0,86986,86986,125287,10,13,543,10.0,3,23,2,324.0,8,108.0,222.0,114.0,1.947368421052632,76.0,0.25,13.5,19.0,4,37,10
train,3,0,86986,86986,125287,10,13,543,10.0,3,23,2,314.0,4,314.0,333.0,19.0,17.526315789473685,19.0,0.75,78.5,19.0,1,37,10
test,3,0,86986,86986,125287,10,13,543,10.0,3,23,2,324.0,8,108.0,222.0,114.0,1.947368421052632,76.0,0.25,13.5,19.0,4,38,10
train,3,0,86986,86986,125287,10,13,543,10.0,3,23,2,314.0,4,314.0,333.0,19.0,17.526315789473685,19.0,0.75,78.5,19.0,1,38,10
test,3,0,86986,86986,125287,10,13,543,10.0,3,23,2,324.0,8,108.0,222.0,114.0,1.947368421052632,76.0,0.25,13.5,19.0,4,39,10
train,3,0,86986,86986,125287,10,13,543,10.0,3,23,2,314.0,4,314.0,333.0,19.0,17.526315789473685,19.0,0.75,78.5,19.0,1,39,10
test,3,0,86986,86986,125287,10,13,543,10.0,3,23,2,324.0,8,108.0,222.0,114.0,1.947368421052632,76.0,0.25,13.5,19.0,4,40,10
train,3,0,86986,86986,125287,10,13,543,10.0,3,23,2,314.0,4,314.0,333.0,19.0,17.526315789473685,19.0,0.75,78.5,19.0,1,40,10
test,3,0,86986,86986,125287,10,13,543,10.0,3,23,2,324.0,8,108.0,222.0,114.0,1.947368421052632,76.0,0.25,13.5,19.0,4,41,10
train,3,0,86986,86986,125287,10,13,543,10.0,3,23,2,314.0,4,314.0,333.0,19.0,17.526315789473685,19.0,0.75,78.5,19.0,1,41,10
test,3,0,86986,86986,125287,10,13,543,10.0,3,23,2,324.0,8,108.0,222.0,114.0,1.947368421052632,76.0,0.25,13.5,19.0,4,42,10
train,3,0,86986,86986,125287,10,13,543,10.0,3,23,2,314.0,4,314.0,333.0,19.0,17.526315789473685,19.0,0.75,78.5,19.0,1,42,10
test,3,0,86986,86986,125287,10,13,543,10.0,3,23,2,324.0,8,108.0,222.0,114.0,1.947368421052632,76.0,0.25,13.5,19.0,4,43,10
train,3,0,86986,86986,125287,10,13,543,10.0,3,23,2,314.0,4,314.0,333.0,19.0,17.526315789473685,19.0,0.75,78.5,19.0,1,43,10
test,3,0,86986,86986,125287,10,13,543,10.0,3,23,2,324.0,8,108.0,222.0,114.0,1.947368421052632,76.0,0.25,13.5,19.0,4,44,10
train,3,0,86986,86986,125287,10,13,543,10.0,3,23,2,314.0,4,314.0,333.0,19.0,17.526315789473685,19.0,0.75,78.5,19.0,1,44,10
test,3,0,86986,86986,125287,10,13,543,10.0,3,23,2,324.0,8,108.0,222.0,114.0,1.947368421052632,76.0,0.25,13.5,19.0,4,45,10
train,3,0,86986,86986,125287,10,13,543,10.0,3,23,2,314.0,4,314.0,333.0,19.0,17.526315789473685,19.0,0.75,78.5,19.0,1,45,10
test,3,0,86986,86986,125287,10,13,543,10.0,3,23,2,324.0,8,108.0,222.0,114.0,1.947368421052632,76.0,0.25,13.5,19.0,4,46,10
train,3,0,86986,86986,125287,10,13,543,10.0,3,23,2,314.0,4,314.0,333.0,19.0,17.526315789473685,19.0,0.75,78.5,19.0,1,46,10
test,3,0,86986,86986,125287,10,13,543,10.0,3,23,2,324.0,8,108.0,222.0,114.0,1.947368421052632,76.0,0.25,13.5,19.0,4,47,10
train,3,0,86986,86986,125287,10,13,543,10.0,3,23,2,314.0,4,314.0,333.0,19.0,17.526315789473685,19.0,0.75,78.5,19.0,1,47,10
test,3,0,86986,86986,125287,10,13,543,10.0,3,23,2,324.0,8,108.0,222.0,114.0,1.947368421052632,76.0,0.25,13.5,19.0,4,48,10
train,3,0,86986,86986,125287,10,13,543,10.0,3,23,2,314.0,4,314.0,333.0,19.0,17.526315789473685,19.0,0.75,78.5,19.0,1,48,10
test,3,0,86986,86986,125287,10,13,543,10.0,3,23,2,324.0,8,108.0,222.0,114.0,1.947368421052632,76.0,0.25,13.5,19.0,4,49,10
train,3,0,86986,86986,125287,10,13,543,10.0,3,23,2,314.0,4,314.0,333.0,19.0,17.526315789473685,19.0,0.75,78.5,19.0,1,49,10
test,3,0,86986,86986,125287,10,13,543,10.0,3,23,2,324.0,8,108.0,222.0,114.0,1.947368421052632,76.0,0.25,13.5,19.0,4,50,10
train,3,0,86986,86986,125287,10,13,543,10.0,3,23,2,314.0,4,314.0,333.0,19.0,17.526315789473685,19.0,0.75,78.5,19.0,1,50,10
test,3,0,86986,86986,125287,10,13,543,10.0,3,23,2,324.0,8,108.0,222.0,114.0,1.947368421052632,76.0,0.25,13.5,19.0,4,51,10
train,3,0,86986,86986,125287,10,13,543,10.0,3,23,2,314.0,4,314.0,333.0,19.0,17.526315789473685,19.0,0.75,78.5,19.0,1,51,10
test,3,0,86986,86986,125287,10,13,543,10.0,3,23,2,324.0,8,108.0,222.0,114.0,1.947368421052632,76.0,0.25,13.5,19.0,4,52,10
train,3,0,86986,86986,125287,10,13,543,10.0,3,23,2,314.0,4,314.0,333.0,19.0,17.526315789473685,19.0,0.75,78.5,19.0,1,52,10
test,3,0,86986,86986,125287,10,13,543,10.0,3,23,2,324.0,8,108.0,222.0,114.0,1.947368421052632,76.0,0.25,13.5,19.0,4,53,10
train,3,0,86986,86986,125287,10,13,543,10.0,3,23,2,314.0,4,314.0,333.0,19.0,17.526315789473685,19.0,0.75,78.5,19.0,1,53,10
test,3,0,86986,86986,125287,10,13,543,10.0,3,23,2,324.0,8,108.0,222.0,114.0,1.947368421052632,76.0,0.25,13.5,19.0,4,54,10
train,3,0,86986,86986,125287,10,13,543,10.0,3,23,2,314.0,4,314.0,333.0,19.0,17.526315789473685,19.0,0.75,78.5,19.0,1,54,10
test,3,0,86986,86986,125287,10,13,543,10.0,3,23,2,324.0,8,108.0,222.0,114.0,1.947368421052632,76.0,0.25,13.5,19.0,4,55,10
train,3,0,86986,86986,125287,10,13,543,10.0,3,23,2,314.0,4,314.0,333.0,19.0,17.526315789473685,19.0,0.75,78.5,19.0,1,55,10
test,3,0,86986,86986,125287,10,13,543,10.0,3,23,2,324.0,8,108.0,222.0,114.0,1.947368421052632,76.0,0.25,13.5,19.0,4,56,10
train,3,0,86986,86986,125287,10,13,543,10.0,3,23,2,314.0,4,314.0,333.0,19.0,17.526315789473685,19.0,0.75,78.5,19.0,1,56,10
test,3,0,86986,86986,125287,10,13,543,10.0,3,23,2,324.0,8,108.0,222.0,114.0,1.947368421052632,76.0,0.25,13.5,19.0,4,57,10
train,3,0,86986,86986,125287,10,13,543,10.0,3,23,2,314.0,4,314.0,333.0,19.0,17.526315789473685,19.0,0.75,78.5,19.0,1,57,10
test,3,0,86986,86986,125287,10,13,543,10.0,3,23,2,324.0,8,108.0,222.0,114.0,1.947368421052632,76.0,0.25,13.5,19.0,4,58,10
train,3,0,86986,86986,125287,10,13,543,10.0,3,23,2,314.0,4,314.0,333.0,19.0,17.526315789473685,19.0,0.75,78.5,19.0,1,58,10
test,3,0,86986,86986,125287,10,13,543,10.0,3,23,2,324.0,8,108.0,222.0,114.0,1.947368421052632,76.0,0.25,13.5,19.0,4,59,10
train,3,0,86986,86986,125287,10,13,543,10.0,3,23,2,314.0,4,314.0,333.0,19.0,17.526315789473685,19.0,0.75,78.5,19.0,1,59,10
test,3,0,86986,86986,125287,10,13,543,10.0,3,23,2,324.0,8,108.0,222.0,114.0,1.947368421052632,76.0,0.25,13.5,19.0,4,60,10
train,3,0,86986,86986,125287,10,13,543,10.0,3,23,2,314.0,4,314.0,333.0,19.0,17.526315789473685,19.0,0.75,78.5,19.0,1,60,10
test,3,0,86986,86986,125287,10,13,543,10.0,3,23,2,324.0,8,108.0,222.0,114.0,1.947368421052632,76.0,0.25,13.5,19.0,4,61,10
train,3,0,86986,86986,125287,10,13,543,10.0,3,23,2,314.0,4,314.0,333.0,19.0,17.526315789473685,19.0,0.75,78.5,19.0,1,61,10
test,3,0,86986,86986,125287,10,13,543,10.0,3,23,2,324.0,8,108.0,222.0,114.0,1.947368421052632,76.0,0.25,13.5,19.0,4,62,10
train,3,0,86986,86986,125287,10,13,543,10.0,3,23,2,314.0,4,314.0,333.0,19.0,17.526315789473685,19.0,0.75,78.5,19.0,1,62,10
test,3,0,86986,86986,125287,10,13,543,10.0,3,23,2,324.0,8,108.0,222.0,114.0,1.947368421052632,76.0,0.25,13.5,19.0,4,63,10
train,3,0,86986,86986,125287,10,13,543,10.0,3,23,2,314.0,4,314.0,333.0,19.0,17.526315789473685,19.0,0.75,78.5,19.0,1,63,10
test,3,0,86986,86986,125287,10,13,543,10.0,3,23,2,324.0,8,108.0,222.0,114.0,1.947368421052632,76.0,0.25,13.5,19.0,4,64,10
train,3,0,86986,86986,125287,10,13,543,10.0,3,23,2,314.0,4,314.0,333.0,19.0,17.526315789473685,19.0,0.75,78.5,19.0,1,64,10
test,3,0,86986,86986,125287,10,13,543,10.0,3,23,2,324.0,8,108.0,222.0,114.0,1.947368421052632,76.0,0.25,13.5,19.0,4,65,10
train,3,0,86986,86986,125287,10,13,543,10.0,3,23,2,314.0,4,314.0,333.0,19.0,17.526315789473685,19.0,0.75,78.5,19.0,1,65,10
test,3,0,86986,86986,125287,10,13,543,10.0,3,23,2,324.0,8,108.0,222.0,114.0,1.947368421052632,76.0,0.25,13.5,19.0,4,66,10
train,3,0,86986,86986,125287,10,13,543,10.0,3,23,2,314.0,4,314.0,333.0,19.0,17.526315789473685,19.0,0.75,78.5,19.0,1,66,10
test,3,0,86986,86986,125287,10,13,543,10.0,3,23,2,324.0,8,108.0,222.0,114.0,1.947368421052632,76.0,0.25,13.5,19.0,4,67,10
train,3,0,86986,86986,125287,10,13,543,10.0,3,23,2,314.0,4,314.0,333.0,19.0,17.526315789473685,19.0,0.75,78.5,19.0,1,67,10
test,3,0,86986,86986,125287,10,13,543,10.0,3,23,2,324.0,8,108.0,222.0,114.0,1.947368421052632,76.0,0.25,13.5,19.0,4,68,10
train,3,0,86986,86986,125287,10,13,543,10.0,3,23,2,314.0,4,314.0,333.0,19.0,17.526315789473685,19.0,0.75,78.5,19.0,1,68,10
test,3,0,86986,86986,125287,10,13,543,10.0,3,23,2,324.0,8,108.0,222.0,114.0,1.947368421052632,76.0,0.25,13.5,19.0,4,69,10
train,3,0,86986,86986,125287,10,13,543,10.0,3,23,2,314.0,4,314.0,333.0,19.0,17.526315789473685,19.0,0.75,78.5,19.0,1,69,10
test,3,0,86986,86986,125287,10,13,543,10.0,3,23,2,324.0,8,108.0,222.0,114.0,1.947368421052632,76.0,0.25,13.5,19.0,4,70,10
train,3,0,86986,86986,125287,10,13,543,10.0,3,23,2,314.0,4,314.0,333.0,19.0,17.526315789473685,19.0,0.75,78.5,19.0,1,70,10
test,3,0,86986,86986,125287,10,13,543,10.0,3,23,2,324.0,8,108.0,222.0,114.0,1.947368421052632,76.0,0.25,13.5,19.0,4,71,10
train,3,0,86986,86986,125287,10,13,543,10.0,3,23,2,314.0,4,314.0,333.0,19.0,17.526315789473685,19.0,0.75,78.5,19.0,1,71,10
test,3,0,86986,86986,125287,10,13,543,10.0,3,23,2,324.0,8,108.0,222.0,114.0,1.947368421052632,76.0,0.25,13.5,19.0,4,72,10
train,3,0,86986,86986,125287,10,13,543,10.0,3,23,2,314.0,4,314.0,333.0,19.0,17.526315789473685,19.0,0.75,78.5,19.0,1,72,10
test,3,0,86986,86986,125287,10,13,543,10.0,3,23,2,324.0,8,108.0,222.0,114.0,1.947368421052632,76.0,0.25,13.5,19.0,4,73,10
train,3,0,86986,86986,125287,10,13,543,10.0,3,23,2,314.0,4,314.0,333.0,19.0,17.526315789473685,19.0,0.75,78.5,19.0,1,73,10
test,3,0,86986,86986,125287,10,13,543,10.0,3,23,2,324.0,8,108.0,222.0,114.0,1.947368421052632,76.0,0.25,13.5,19.0,4,74,10
train,3,0,86986,86986,125287,10,13,543,10.0,3,23,2,314.0,4,314.0,333.0,19.0,17.526315789473685,19.0,0.75,78.5,19.0,1,74,10
test,3,0,86986,86986,125287,10,13,543,10.0,3,23,2,324.0,8,108.0,222.0,114.0,1.947368421052632,76.0,0.25,13.5,19.0,4,75,10
train,3,0,86986,86986,125287,10,13,543,10.0,3,23,2,314.0,4,314.0,333.0,19.0,17.526315789473685,19.0,0.75,78.5,19.0,1,75,10
test,3,0,86986,86986,125287,10,13,543,10.0,3,23,2,324.0,8,108.0,222.0,114.0,1.947368421052632,76.0,0.25,13.5,19.0,4,76,10
train,3,0,86986,86986,125287,10,13,543,10.0,3,23,2,314.0,4,314.0,333.0,19.0,17.526315789473685,19.0,0.75,78.5,19.0,1,76,10
test,3,0,86986,86986,125287,10,13,543,10.0,3,23,2,324.0,8,108.0,222.0,114.0,1.947368421052632,76.0,0.25,13.5,19.0,4,77,10
train,3,0,86986,86986,125287,10,13,543,10.0,3,23,2,314.0,4,314.0,333.0,19.0,17.526315789473685,19.0,0.75,78.5,19.0,1,77,10
test,3,0,86986,86986,125287,10,13,543,10.0,3,23,2,324.0,8,108.0,222.0,114.0,1.947368421052632,76.0,0.25,13.5,19.0,4,78,10
train,3,0,86986,86986,125287,10,13,543,10.0,3,23,2,314.0,4,314.0,333.0,19.0,17.526315789473685,19.0,0.75,78.5,19.0,1,78,10
test,3,0,86986,86986,125287,10,13,543,10.0,3,23,2,324.0,8,108.0,222.0,114.0,1.947368421052632,76.0,0.25,13.5,19.0,4,79,10
train,3,0,86986,86986,125287,10,13,543,10.0,3,23,2,314.0,4,314.0,333.0,19.0,17.526315789473685,19.0,0.75,78.5,19.0,1,79,10
test,3,0,86986,86986,125287,10,13,543,10.0,3,23,2,324.0,8,108.0,222.0,114.0,1.947368421052632,76.0,0.25,13.5,19.0,4,80,10
train,3,0,86986,86986,125287,10,13,543,10.0,3,23,2,314.0,4,314.0,333.0,19.0,17.526315789473685,19.0,0.75,78.5,19.0,1,80,10
test,3,0,86986,86986,125287,10,13,543,10.0,3,23,2,324.0,8,108.0,222.0,114.0,1.947368421052632,76.0,0.25,13.5,19.0,4,81,10
train,3,0,86986,86986,125287,10,13,543,10.0,3,23,2,314.0,4,314.0,333.0,19.0,17.526315789473685,19.0,0.75,78.5,19.0,1,81,10
test,3,0,86986,86986,125287,10,13,543,10.0,3,23,2,324.0,8,108.0,222.0,114.0,1.947368421052632,76.0,0.25,13.5,19.0,4,82,10
train,3,0,86986,86986,125287,10,13,543,10.0,3,23,2,314.0,4,314.0,333.0,19.0,17.526315789473685,19.0,0.75,78.5,19.0,1,82,10
test,3,0,86986,86986,125287,10,13,543,10.0,3,23,2,324.0,8,108.0,222.0,114.0,1.947368421052632,76.0,0.25,13.5,19.0,4,83,10
train,3,0,86986,86986,125287,10,13,543,10.0,3,23,2,314.0,4,314.0,333.0,19.0,17.526315789473685,19.0,0.75,78.5,19.0,1,83,10
test,3,0,86986,86986,125287,10,13,543,10.0,3,23,2,324.0,8,108.0,222.0,114.0,1.947368421052632,76.0,0.25,13.5,19.0,4,84,10
train,3,0,86986,86986,125287,10,13,543,10.0,3,23,2,314.0,4,314.0,333.0,19.0,17.526315789473685,19.0,0.75,78.5,19.0,1,84,10
test,3,0,86986,86986,125287,10,13,543,10.0,3,23,2,324.0,8,108.0,222.0,114.0,1.947368421052632,76.0,0.25,13.5,19.0,4,85,10
train,3,0,86986,86986,125287,10,13,543,10.0,3,23,2,314.0,4,314.0,333.0,19.0,17.526315789473685,19.0,0.75,78.5,19.0,1,85,10
test,3,0,86986,86986,125287,10,13,543,10.0,3,23,2,324.0,8,108.0,222.0,114.0,1.947368421052632,76.0,0.25,13.5,19.0,4,86,10
train,3,0,86986,86986,125287,10,13,543,10.0,3,23,2,314.0,4,314.0,333.0,19.0,17.526315789473685,19.0,0.75,78.5,19.0,1,86,10
test,3,0,86986,86986,125287,10,13,543,10.0,3,23,2,324.0,8,108.0,222.0,114.0,1.947368421052632,76.0,0.25,13.5,19.0,4,87,10
train,3,0,86986,86986,125287,10,13,543,10.0,3,23,2,314.0,4,314.0,333.0,19.0,17.526315789473685,19.0,0.75,78.5,19.0,1,87,10
test,3,0,86986,86986,125287,10,13,543,10.0,3,23,2,324.0,8,108.0,222.0,114.0,1.947368421052632,76.0,0.25,13.5,19.0,4,88,10
train,3,0,86986,86986,125287,10,13,543,10.0,3,23,2,314.0,4,314.0,333.0,19.0,17.526315789473685,19.0,0.75,78.5,19.0,1,88,10
test,3,0,86986,86986,125287,10,13,543,10.0,3,23,2,324.0,8,108.0,222.0,114.0,1.947368421052632,76.0,0.25,13.5,19.0,4,89,10
train,3,0,86986,86986,125287,10,13,543,10.0,3,23,2,314.0,4,314.0,333.0,19.0,17.526315789473685,19.0,0.75,78.5,19.0,1,89,10
test,3,0,86986,86986,125287,10,13,543,10.0,3,23,2,324.0,8,108.0,222.0,114.0,1.947368421052632,76.0,0.25,13.5,19.0,4,90,10
train,3,0,86986,86986,125287,10,13,543,10.0,3,23,2,314.0,4,314.0,333.0,19.0,17.526315789473685,19.0,0.75,78.5,19.0,1,90,10
test,3,0,86986,86986,125287,10,13,543,10.0,3,23,2,324.0,8,108.0,222.0,114.0,1.947368421052632,76.0,0.25,13.5,19.0,4,91,10
train,3,0,86986,86986,125287,10,13,543,10.0,3,23,2,314.0,4,314.0,333.0,19.0,17.526315789473685,19.0,0.75,78.5,19.0,1,91,10
test,3,0,86986,86986,125287,10,13,543,10.0,3,23,2,324.0,8,108.0,222.0,114.0,1.947368421052632,76.0,0.25,13.5,19.0,4,92,10
train,3,0,86986,86986,125287,10,13,543,10.0,3,23,2,314.0,4,314.0,333.0,19.0,17.526315789473685,19.0,0.75,78.5,19.0,1,92,10
test,3,0,86986,86986,125287,10,13,543,10.0,3,23,2,324.0,8,108.0,222.0,114.0,1.947368421052632,76.0,0.25,13.5,19.0,4,93,10
train,3,0,86986,86986,125287,10,13,543,10.0,3,23,2,314.0,4,314.0,333.0,19.0,17.526315789473685,19.0,0.75,78.5,19.0,1,93,10
test,3,0,86986,86986,125287,10,13,543,10.0,3,23,2,324.0,8,108.0,222.0,114.0,1.947368421052632,76.0,0.25,13.5,19.0,4,94,10
train,3,0,86986,86986,125287,10,13,543,10.0,3,23,2,314.0,4,314.0,333.0,19.0,17.526315789473685,19.0,0.75,78.5,19.0,1,94,10
test,3,0,86986,86986,125287,10,13,543,10.0,3,23,2,324.0,8,108.0,222.0,114.0,1.947368421052632,76.0,0.25,13.5,19.0,4,95,10
train,3,0,86986,86986,125287,10,13,543,10.0,3,23,2,314.0,4,314.0,333.0,19.0,17.526315789473685,19.0,0.75,78.5,19.0,1,95,10
test,3,0,86986,86986,125287,10,13,543,10.0,3,23,2,324.0,8,108.0,222.0,114.0,1.947368421052632,76.0,0.25,13.5,19.0,4,96,10
train,3,0,86986,86986,125287,10,13,543,10.0,3,23,2,314.0,4,314.0,333.0,19.0,17.526315789473685,19.0,0.75,78.5,19.0,1,96,10
test,3,0,86986,86986,125287,10,13,543,10.0,3,23,2,324.0,8,108.0,222.0,114.0,1.947368421052632,76.0,0.25,13.5,19.0,4,97,10
train,3,0,86986,86986,125287,10,13,543,10.0,3,23,2,314.0,4,314.0,333.0,19.0,17.526315789473685,19.0,0.75,78.5,19.0,1,97,10
test,3,0,86986,86986,125287,10,13,543,10.0,3,23,2,324.0,8,108.0,222.0,114.0,1.947368421052632,76.0,0.25,13.5,19.0,4,98,10
train,3,0,86986,86986,125287,10,13,543,10.0,3,23,2,314.0,4,314.0,333.0,19.0,17.526315789473685,19.0,0.75,78.5,19.0,1,98,10
test,3,0,86986,86986,125287,10,13,543,10.0,3,23,2,324.0,8,108.0,222.0,114.0,1.947368421052632,76.0,0.25,13.5,19.0,4,99,10
train,3,0,86986,86986,125287,10,13,543,10.0,3,23,2,314.0,4,314.0,333.0,19.0,17.526315789473685,19.0,0.75,78.5,19.0,1,99,10
test,3,0,86986,86986,125287,10,13,543,10.0,3,23,2,324.0,8,108.0,222.0,114.0,1.947368421052632,76.0,0.25,13.5,19.0,4,100,10
train,3,0,86986,86986,125287,10,13,543,10.0,3,23,2,314.0,4,314.0,333.0,19.0,17.526315789473685,19.0,0.75,78.5,19.0,1,100,10
test,4,0,125287,125287,130699,0,14,1771,5.25,4,18,7,-4000.0,0,0.0,0.0,0.0,inf,0.0,0.0,0.0,0.0,0,0,0
train,4,0,125287,125287,130699,0,14,1771,5.25,4,18,7,294.0,14,294.0,602.0,308.0,1.9545454545454544,90.0,0.5,21.0,44.0,2,0,0
test,4,0,125287,125287,130699,1,14,720,8.0,1,18,2,-4000.0,0,0.0,0.0,0.0,inf,0.0,0.0,0.0,0.0,0,1,1
train,4,0,125287,125287,130699,1,14,720,8.0,1,18,2,316.0,11,316.0,430.0,114.0,3.771929824561404,38.0,0.4545454545454545,28.727272727272727,19.0,2,1,1
test,4,0,125287,125287,130699,2,14,1771,5.25,5,19,3,-4000.0,0,0.0,0.0,0.0,inf,0.0,0.0,0.0,0.0,0,2,2
train,4,0,125287,125287,130699,2,14,1771,5.25,5,19,3,469.0,14,469.0,637.0,168.0,3.7916666666666665,48.0,0.5,33.5,24.0,2,2,2
test,4,0,125287,125287,130699,3,14,3272,6.5,3,19,2,-4000.0,0,0.0,0.0,0.0,inf,0.0,0.0,0.0,0.0,0,3,3
train,4,0,125287,125287,130699,3,14,3272,6.5,3,19,2,504.0,14,504.0,637.0,133.0,4.789473684210527,38.0,0.5,36.0,19.0,2,3,3
test,4,0,125287,125287,130699,3,14,3272,6.5,3,19,2,-4000.0,0,0.0,0.0,0.0,inf,0.0,0.0,0.0,0.0,0,4,3
train,4,0,125287,125287,130699,3,14,3272,6.5,3,19,2,504.0,14,504.0,637.0,133.0,4.789473684210527,38.0,0.5,36.0,19.0,2,4,3
test,4,0,125287,125287,130699,5,12,2193,3.5,9,15,2,-4000.0,0,0.0,0.0,0.0,inf,0.0,0.0,0.0,0.0,0,5,5
train,4,0,125287,125287,130699,5,12,2193,3.5,9,15,2,520.0,20,520.0,710.0,190.0,3.736842105263158,57.0,0.5,26.0,19.0,3,5,5
test,4,0,125287,125287,130699,5,12,2193,3.5,9,15,2,-4000.0,0,0.0,0.0,0.0,inf,0.0,0.0,0.0,0.0,0,6,5
train,4,0,125287,125287,130699,5,12,2193,3.5,9,15,2,520.0,20,520.0,710.0,190.0,3.736842105263158,57.0,0.5,26.0,19.0,3,6,5
test,4,0,125287,125287,130699,5,12,2193,3.5,9,15,2,-4000.0,0,0.0,0.0,0.0,inf,0.0,0.0,0.0,0.0,0,7,5
train,4,0,125287,125287,130699,5,12,2193,3.5,9,15,2,520.0,20,520.0,710.0,190.0,3.736842105263158,57.0,0.5,26.0,19.0,3,7,5
test,4,0,125287,125287,130699,5,12,2193,3.5,9,15,2,-4000.0,0,0.0,0.0,0.0,inf,0.0,0.0,0.0,0.0,0,8,5
train,4,0,125287,125287,130699,5,12,2193,3.5,9,15,2,520.0,20,520.0,710.0,190.0,3.736842105263158,57.0,0.5,26.0,19.0,3,8,5
test,4,0,125287,125287,130699,5,12,2193,3.5,9,15,2,-4000.0,0,0.0,0.0,0.0,inf,0.0,0.0,0.0,0.0,0,9,5
train,4,0,125287,125287,130699,5,12,2193,3.5,9,15,2,520.0,20,520.0,710.0,190.0,3.736842105263158,57.0,0.5,26.0,19.0,3,9,5
test,4,0,125287,125287,130699,5,12,2193,3.5,9,15,2,-4000.0,0,0.0,0.0,0.0,inf,0.0,0.0,0.0,0.0,0,10,5
train,4,0,125287,125287,130699,5,12,2193,3.5,9,15,2,520.0,20,520.0,710.0,190.0,3.736842105263158,57.0,0.5,26.0,19.0,3,10,5
test,4,0,125287,125287,130699,5,12,2193,3.5,9,15,2,-4000.0,0,0.0,0.0,0.0,inf,0.0,0.0,0.0,0.0,0,11,5
train,4,0,125287,125287,130699,5,12,2193,3.5,9,15,2,520.0,20,520.0,710.0,190.0,3.736842105263158,57.0,0.5,26.0,19.0,3,11,5
test,4,0,125287,125287,130699,5,12,2193,3.5,9,15,2,-4000.0,0,0.0,0.0,0.0,inf,0.0,0.0,0.0,0.0,0,12,5
train,4,0,125287,125287,130699,5,12,2193,3.5,9,15,2,520.0,20,520.0,710.0,190.0,3.736842105263158,57.0,0.5,26.0,19.0,3,12,5
test,4,0,125287,125287,130699,5,12,2193,3.5,9,15,2,-4000.0,0,0.0,0.0,0.0,inf,0.0,0.0,0.0,0.0,0,13,5
train,4,0,125287,125287,130699,5,12,2193,3.5,9,15,2,520.0,20,520.0,710.0,190.0,3.736842105263158,57.0,0.5,26.0,19.0,3,13,5
test,4,0,125287,125287,130699,5,12,2193,3.5,9,15,2,-4000.0,0,0.0,0.0,0.0,inf,0.0,0.0,0.0,0.0,0,14,5
train,4,0,125287,125287,130699,5,12,2193,3.5,9,15,2,520.0,20,520.0,710.0,190.0,3.736842105263158,57.0,0.5,26.0,19.0,3,14,5
test,4,0,125287,125287,130699,5,12,2193,3.5,9,15,2,-4000.0,0,0.0,0.0,0.0,inf,0.0,0.0,0.0,0.0,0,15,5
train,4,0,125287,125287,130699,5,12,2193,3.5,9,15,2,520.0,20,520.0,710.0,190.0,3.736842105263158,57.0,0.5,26.0,19.0,3,15,5
test,4,0,125287,125287,130699,5,12,2193,3.5,9,15,2,-4000.0,0,0.0,0.0,0.0,inf,0.0,0.0,0.0,0.0,0,16,5
train,4,0,125287,125287,130699,5,12,2193,3.5,9,15,2,520.0,20,520.0,710.0,190.0,3.736842105263158,57.0,0.5,26.0,19.0,3,16,5
test,4,0,125287,125287,130699,5,12,2193,3.5,9,15,2,-4000.0,0,0.0,0.0,0.0,inf,0.0,0.0,0.0,0.0,0,17,5
train,4,0,125287,125287,130699,5,12,2193,3.5,9,15,2,520.0,20,520.0,710.0,190.0,3.736842105263158,57.0,0.5,26.0,19.0,3,17,5
test,4,0,125287,125287,130699,5,12,2193,3.5,9,15,2,-4000.0,0,0.0,0.0,0.0,inf,0.0,0.0,0.0,0.0,0,18,5
train,4,0,125287,125287,130699,5,12,2193,3.5,9,15,2,520.0,20,520.0,710.0,190.0,3.736842105263158,57.0,0.5,26.0,19.0,3,18,5
test,4,0,125287,125287,130699,5,12,2193,3.5,9,15,2,-4000.0,0,0.0,0.0,0.0,inf,0.0,0.0,0.0,0.0,0,19,5
train,4,0,125287,125287,130699,5,12,2193,3.5,9,15,2,520.0,20,520.0,710.0,190.0,3.736842105263158,57.0,0.5,26.0,19.0,3,19,5
test,4,0,125287,125287,130699,5,12,2193,3.5,9,15,2,-4000.0,0,0.0,0.0,0.0,inf,0.0,0.0,0.0,0.0,0,20,5
train,4,0,125287,125287,130699,5,12,2193,3.5,9,15,2,520.0,20,520.0,710.0,190.0,3.736842105263158,57.0,0.5,26.0,19.0,3,20,5
test,4,0,125287,125287,130699,5,12,2193,3.5,9,15,2,-4000.0,0,0.0,0.0,0.0,inf,0.0,0.0,0.0,0.0,0,21,5
train,4,0,125287,125287,130699,5,12,2193,3.5,9,15,2,520.0,20,520.0,710.0,190.0,3.736842105263158,57.0,0.5,26.0,19.0,3,21,5
test,4,0,125287,125287,130699,5,12,2193,3.5,9,15,2,-4000.0,0,0.0,0.0,0.0,inf,0.0,0.0,0.0,0.0,0,22,5
train,4,0,125287,125287,130699,5,12,2193,3.5,9,15,2,520.0,20,520.0,710.0,190.0,3.736842105263158,57.0,0.5,26.0,19.0,3,22,5
test,4,0,125287,125287,130699,5,12,2193,3.5,9,15,2,-4000.0,0,0.0,0.0,0.0,inf,0.0,0.0,0.0,0.0,0,23,5
train,4,0,125287,125287,130699,5,12,2193,3.5,9,15,2,520.0,20,520.0,710.0,190.0,3.736842105263158,57.0,0.5,26.0,19.0,3,23,5
test,4,0,125287,125287,130699,5,12,2193,3.5,9,15,2,-4000.0,0,0.0,0.0,0.0,inf,0.0,0.0,0.0,0.0,0,24,5
train,4,0,125287,125287,130699,5,12,2193,3.5,9,15,2,520.0,20,520.0,710.0,190.0,3.736842105263158,57.0,0.5,26.0,19.0,3,24,5
test,4,0,125287,125287,130699,5,12,2193,3.5,9,15,2,-4000.0,0,0.0,0.0,0.0,inf,0.0,0.0,0.0,0.0,0,25,5
train,4,0,125287,125287,130699,5,12,2193,3.5,9,15,2,520.0,20,520.0,710.0,190.0,3.736842105263158,57.0,0.5,26.0,19.0,3,25,5
test,4,0,125287,125287,130699,5,12,2193,3.5,9,15,2,-4000.0,0,0.0,0.0,0.0,inf,0.0,0.0,0.0,0.0,0,26,5
train,4,0,125287,125287,130699,5,12,2193,3.5,9,15,2,520.0,20,520.0,710.0,190.0,3.736842105263158,57.0,0.5,26.0,19.0,3,26,5
test,4,0,125287,125287,130699,5,12,2193,3.5,9,15,2,-4000.0,0,0.0,0.0,0.0,inf,0.0,0.0,0.0,0.0,0,27,5
train,4,0,125287,125287,130699,5,12,2193,3.5,9,15,2,520.0,20,520.0,710.0,190.0,3.736842105263158,57.0,0.5,26.0,19.0,3,27,5
test,4,0,125287,125287,130699,5,12,2193,3.5,9,15,2,-4000.0,0,0.0,0.0,0.0,inf,0.0,0.0,0.0,0.0,0,28,5
train,4,0,125287,125287,130699,5,12,2193,3.5,9,15,2,520.0,20,520.0,710.0,190.0,3.736842105263158,57.0,0.5,26.0,19.0,3,28,5
test,4,0,125287,125287,130699,5,12,2193,3.5,9,15,2,-4000.0,0,0.0,0.0,0.0,inf,0.0,0.0,0.0,0.0,0,29,5
train,4,0,125287,125287,130699,5,12,2193,3.5,9,15,2,520.0,20,520.0,710.0,190.0,3.736842105263158,57.0,0.5,26.0,19.0,3,29,5
test,4,0,125287,125287,130699,5,12,2193,3.5,9,15,2,-4000.0,0,0.0,0.0,0.0,inf,0.0,0.0,0.0,0.0,0,30,5
train,4,0,125287,125287,130699,5,12,2193,3.5,9,15,2,520.0,20,520.0,710.0,190.0,3.736842105263158,57.0,0.5,26.0,19.0,3,30,5
test,4,0,125287,125287,130699,5,12,2193,3.5,9,15,2,-4000.0,0,0.0,0.0,0.0,inf,0.0,0.0,0.0,0.0,0,31,5
train,4,0,125287,125287,130699,5,12,2193,3.5,9,15,2,520.0,20,520.0,710.0,190.0,3.736842105263158,57.0,0.5,26.0,19.0,3,31,5
test,4,0,125287,125287,130699,5,12,2193,3.5,9,15,2,-4000.0,0,0.0,0.0,0.0,inf,0.0,0.0,0.0,0.0,0,32,5
train,4,0,125287,125287,130699,5,12,2193,3.5,9,15,2,520.0,20,520.0,710.0,190.0,3.736842105263158,57.0,0.5,26.0,19.0,3,32,5
test,4,0,125287,125287,130699,5,12,2193,3.5,9,15,2,-4000.0,0,0.0,0.0,0.0,inf,0.0,0.0,0.0,0.0,0,33,5
train,4,0,125287,125287,130699,5,12,2193,3.5,9,15,2,520.0,20,520.0,710.0,190.0,3.736842105263158,57.0,0.5,26.0,19.0,3,33,5
test,4,0,125287,125287,130699,5,12,2193,3.5,9,15,2,-4000.0,0,0.0,0.0,0.0,inf,0.0,0.0,0.0,0.0,0,34,5
train,4,0,125287,125287,130699,5,12,2193,3.5,9,15,2,520.0,20,520.0,710.0,190.0,3.736842105263158,57.0,0.5,26.0,19.0,3,34,5
test,4,0,125287,125287,130699,5,12,2193,3.5,9,15,2,-4000.0,0,0.0,0.0,0.0,inf,0.0,0.0,0.0,0.0,0,35,5
train,4,0,125287,125287,130699,5,12,2193,3.5,9,15,2,520.0,20,520.0,710.0,190.0,3.736842105263158,57.0,0.5,26.0,19.0,3,35,5
test,4,0,125287,125287,130699,5,12,2193,3.5,9,15,2,-4000.0,0,0.0,0.0,0.0,inf,0.0,0.0,0.0,0.0,0,36,5
train,4,0,125287,125287,130699,5,12,2193,3.5,9,15,2,520.0,20,520.0,710.0,190.0,3.736842105263158,57.0,0.5,26.0,19.0,3,36,5
test,4,0,125287,125287,130699,5,12,2193,3.5,9,15,2,-4000.0,0,0.0,0.0,0.0,inf,0.0,0.0,0.0,0.0,0,37,5
train,4,0,125287,125287,130699,5,12,2193,3.5,9,15,2,520.0,20,520.0,710.0,190.0,3.736842105263158,57.0,0.5,26.0,19.0,3,37,5
test,4,0,125287,125287,130699,5,12,2193,3.5,9,15,2,-4000.0,0,0.0,0.0,0.0,inf,0.0,0.0,0.0,0.0,0,38,5
train,4,0,125287,125287,130699,5,12,2193,3.5,9,15,2,520.0,20,520.0,710.0,190.0,3.736842105263158,57.0,0.5,26.0,19.0,3,38,5
test,4,0,125287,125287,130699,5,12,2193,3.5,9,15,2,-4000.0,0,0.0,0.0,0.0,inf,0.0,0.0,0.0,0.0,0,39,5
train,4,0,125287,125287,130699,5,12,2193,3.5,9,15,2,520.0,20,520.0,710.0,190.0,3.736842105263158,57.0,0.5,26.0,19.0,3,39,5
test,4,0,125287,125287,130699,5,12,2193,3.5,9,15,2,-4000.0,0,0.0,0.0,0.0,inf,0.0,0.0,0.0,0.0,0,40,5
train,4,0,125287,125287,130699,5,12,2193,3.5,9,15,2,520.0,20,520.0,710.0,190.0,3.736842105263158,57.0,0.5,26.0,19.0,3,40,5
test,4,0,125287,125287,130699,5,12,2193,3.5,9,15,2,-4000.0,0,0.0,0.0,0.0,inf,0.0,0.0,0.0,0.0,0,41,5
train,4,0,125287,125287,130699,5,12,2193,3.5,9,15,2,520.0,20,520.0,710.0,190.0,3.736842105263158,57.0,0.5,26.0,19.0,3,41,5
test,4,0,125287,125287,130699,5,12,2193,3.5,9,15,2,-4000.0,0,0.0,0.0,0.0,inf,0.0,0.0,0.0,0.0,0,42,5
train,4,0,125287,125287,130699,5,12,2193,3.5,9,15,2,520.0,20,520.0,710.0,190.0,3.736842105263158,57.0,0.5,26.0,19.0,3,42,5
test,4,0,125287,125287,130699,5,12,2193,3.5,9,15,2,-4000.0,0,0.0,0.0,0.0,inf,0.0,0.0,0.0,0.0,0,43,5
train,4,0,125287,125287,130699,5,12,2193,3.5,9,15,2,520.0,20,520.0,710.0,190.0,3.736842105263158,57.0,0.5,26.0,19.0,3,43,5
test,4,0,125287,125287,130699,5,12,2193,3.5,9,15,2,-4000.0,0,0.0,0.0,0.0,inf,0.0,0.0,0.0,0.0,0,44,5
train,4,0,125287,125287,130699,5,12,2193,3.5,9,15,2,520.0,20,520.0,710.0,190.0,3.736842105263158,57.0,0.5,26.0,19.0,3,44,5
test,4,0,125287,125287,130699,5,12,2193,3.5,9,15,2,-4000.0,0,0.0,0.0,0.0,inf,0.0,0.0,0.0,0.0,0,45,5
train,4,0,125287,125287,130699,5,12,2193,3.5,9,15,2,520.0,20,520.0,710.0,190.0,3.736842105263158,57.0,0.5,26.0,19.0,3,45,5
test,4,0,125287,125287,130699,5,12,2193,3.5,9,15,2,-4000.0,0,0.0,0.0,0.0,inf,0.0,0.0,0.0,0.0,0,46,5
train,4,0,125287,125287,130699,5,12,2193,3.5,9,15,2,520.0,20,520.0,710.0,190.0,3.736842105263158,57.0,0.5,26.0,19.0,3,46,5
test,4,0,125287,125287,130699,5,12,2193,3.5,9,15,2,-4000.0,0,0.0,0.0,0.0,inf,0.0,0.0,0.0,0.0,0,47,5
train,4,0,125287,125287,130699,5,12,2193,3.5,9,15,2,520.0,20,520.0,710.0,190.0,3.736842105263158,57.0,0.5,26.0,19.0,3,47,5
test,4,0,125287,125287,130699,5,12,2193,3.5,9,15,2,-4000.0,0,0.0,0.0,0.0,inf,0.0,0.0,0.0,0.0,0,48,5
train,4,0,125287,125287,130699,5,12,2193,3.5,9,15,2,520.0,20,520.0,710.0,190.0,3.736842105263158,57.0,0.5,26.0,19.0,3,48,5
test,4,0,125287,125287,130699,5,12,2193,3.5,9,15,2,-4000.0,0,0.0,0.0,0.0,inf,0.0,0.0,0.0,0.0,0,49,5
train,4,0,125287,125287,130699,5,12,2193,3.5,9,15,2,520.0,20,520.0,710.0,190.0,3.736842105263158,57.0,0.5,26.0,19.0,3,49,5
test,4,0,125287,125287,130699,5,12,2193,3.5,9,15,2,-4000.0,0,0.0,0.0,0.0,inf,0.0,0.0,0.0,0.0,0,50,5
train,4,0,125287,125287,130699,5,12,2193,3.5,9,15,2,520.0,20,520.0,710.0,190.0,3.736842105263158,57.0,0.5,26.0,19.0,3,50,5
test,4,0,125287,125287,130699,5,12,2193,3.5,9,15,2,-4000.0,0,0.0,0.0,0.0,inf,0.0,0.0,0.0,0.0,0,51,5
train,4,0,125287,125287,130699,5,12,2193,3.5,9,15,2,520.0,20,520.0,710.0,190.0,3.736842105263158,57.0,0.5,26.0,19.0,3,51,5
test,4,0,125287,125287,130699,5,12,2193,3.5,9,15,2,-4000.0,0,0.0,0.0,0.0,inf,0.0,0.0,0.0,0.0,0,52,5
train,4,0,125287,125287,130699,5,12,2193,3.5,9,15,2,520.0,20,520.0,710.0,190.0,3.736842105263158,57.0,0.5,26.0,19.0,3,52,5
test,4,0,125287,125287,130699,5,12,2193,3.5,9,15,2,-4000.0,0,0.0,0.0,0.0,inf,0.0,0.0,0.0,0.0,0,53,5
train,4,0,125287,125287,130699,5,12,2193,3.5,9,15,2,520.0,20,520.0,710.0,190.0,3.736842105263158,57.0,0.5,26.0,19.0,3,53,5
test,4,0,125287,125287,130699,5,12,2193,3.5,9,15,2,-4000.0,0,0.0,0.0,0.0,inf,0.0,0.0,0.0,0.0,0,54,5
train,4,0,125287,125287,130699,5,12,2193,3.5,9,15,2,520.0,20,520.0,710.0,190.0,3.736842105263158,57.0,0.5,26.0,19.0,3,54,5
test,4,0,125287,125287,130699,5,12,2193,3.5,9,15,2,-4000.0,0,0.0,0.0,0.0,inf,0.0,0.0,0.0,0.0,0,55,5
train,4,0,125287,125287,130699,5,12,2193,3.5,9,15,2,520.0,20,520.0,710.0,190.0,3.736842105263158,57.0,0.5,26.0,19.0,3,55,5
test,4,0,125287,125287,130699,5,12,2193,3.5,9,15,2,-4000.0,0,0.0,0.0,0.0,inf,0.0,0.0,0.0,0.0,0,56,5
train,4,0,125287,125287,130699,5,12,2193,3.5,9,15,2,520.0,20,520.0,710.0,190.0,3.736842105263158,57.0,0.5,26.0,19.0,3,56,5
test,4,0,125287,125287,130699,5,12,2193,3.5,9,15,2,-4000.0,0,0.0,0.0,0.0,inf,0.0,0.0,0.0,0.0,0,57,5
train,4,0,125287,125287,130699,5,12,2193,3.5,9,15,2,520.0,20,520.0,710.0,190.0,3.736842105263158,57.0,0.5,26.0,19.0,3,57,5
test,4,0,125287,125287,130699,5,12,2193,3.5,9,15,2,-4000.0,0,0.0,0.0,0.0,inf,0.0,0.0,0.0,0.0,0,58,5
train,4,0,125287,125287,130699,5,12,2193,3.5,9,15,2,520.0,20,520.0,710.0,190.0,3.736842105263158,57.0,0.5,26.0,19.0,3,58,5
test,4,0,125287,125287,130699,5,12,2193,3.5,9,15,2,-4000.0,0,0.0,0.0,0.0,inf,0.0,0.0,0.0,0.0,0,59,5
train,4,0,125287,125287,130699,5,12,2193,3.5,9,15,2,520.0,20,520.0,710.0,190.0,3.736842105263158,57.0,0.5,26.0,19.0,3,59,5
test,4,0,125287,125287,130699,5,12,2193,3.5,9,15,2,-4000.0,0,0.0,0.0,0.0,inf,0.0,0.0,0.0,0.0,0,60,5
train,4,0,125287,125287,130699,5,12,2193,3.5,9,15,2,520.0,20,520.0,710.0,190.0,3.736842105263158,57.0,0.5,26.0,19.0,3,60,5
test,4,0,125287,125287,130699,5,12,2193,3.5,9,15,2,-4000.0,0,0.0,0.0,0.0,inf,0.0,0.0,0.0,0.0,0,61,5
train,4,0,125287,125287,130699,5,12,2193,3.5,9,15,2,520.0,20,520.0,710.0,190.0,3.736842105263158,57.0,0.5,26.0,19.0,3,61,5
test,4,0,125287,125287,130699,5,12,2193,3.5,9,15,2,-4000.0,0,0.0,0.0,0.0,inf,0.0,0.0,0.0,0.0,0,62,5
train,4,0,125287,125287,130699,5,12,2193,3.5,9,15,2,520.0,20,520.0,710.0,190.0,3.736842105263158,57.0,0.5,26.0,19.0,3,62,5
test,4,0,125287,125287,130699,5,12,2193,3.5,9,15,2,-4000.0,0,0.0,0.0,0.0,inf,0.0,0.0,0.0,0.0,0,63,5
train,4,0,125287,125287,130699,5,12,2193,3.5,9,15,2,520.0,20,520.0,710.0,190.0,3.736842105263158,57.0,0.5,26.0,19.0,3,63,5
test,4,0,125287,125287,130699,5,12,2193,3.5,9,15,2,-4000.0,0,0.0,0.0,0.0,inf,0.0,0.0,0.0,0.0,0,64,5
train,4,0,125287,125287,130699,5,12,2193,3.5,9,15,2,520.0,20,520.0,710.0,190.0,3.736842105263158,57.0,0.5,26.0,19.0,3,64,5
test,4,0,125287,125287,130699,5,12,2193,3.5,9,15,2,-4000.0,0,0.0,0.0,0.0,inf,0.0,0.0,0.0,0.0,0,65,5
train,4,0,125287,125287,130699,5,12,2193,3.5,9,15,2,520.0,20,520.0,710.0,190.0,3.736842105263158,57.0,0.5,26.0,19.0,3,65,5
test,4,0,125287,125287,130699,5,12,2193,3.5,9,15,2,-4000.0,0,0.0,0.0,0.0,inf,0.0,0.0,0.0,0.0,0,66,5
train,4,0,125287,125287,130699,5,12,2193,3.5,9,15,2,520.0,20,520.0,710.0,190.0,3.736842105263158,57.0,0.5,26.0,19.0,3,66,5
test,4,0,125287,125287,130699,5,12,2193,3.5,9,15,2,-4000.0,0,0.0,0.0,0.0,inf,0.0,0.0,0.0,0.0,0,67,5
train,4,0,125287,125287,130699,5,12,2193,3.5,9,15,2,520.0,20,520.0,710.0,190.0,3.736842105263158,57.0,0.5,26.0,19.0,3,67,5
test,4,0,125287,125287,130699,5,12,2193,3.5,9,15,2,-4000.0,0,0.0,0.0,0.0,inf,0.0,0.0,0.0,0.0,0,68,5
train,4,0,125287,125287,130699,5,12,2193,3.5,9,15,2,520.0,20,520.0,710.0,190.0,3.736842105263158,57.0,0.5,26.0,19.0,3,68,5
test,4,0,125287,125287,130699,5,12,2193,3.5,9,15,2,-4000.0,0,0.0,0.0,0.0,inf,0.0,0.0,0.0,0.0,0,69,5
train,4,0,125287,125287,130699,5,12,2193,3.5,9,15,2,520.0,20,520.0,710.0,190.0,3.736842105263158,57.0,0.5,26.0,19.0,3,69,5
test,4,0,125287,125287,130699,5,12,2193,3.5,9,15,2,-4000.0,0,0.0,0.0,0.0,inf,0.0,0.0,0.0,0.0,0,70,5
train,4,0,125287,125287,130699,5,12,2193,3.5,9,15,2,520.0,20,520.0,710.0,190.0,3.736842105263158,57.0,0.5,26.0,19.0,3,70,5
test,4,0,125287,125287,130699,5,12,2193,3.5,9,15,2,-4000.0,0,0.0,0.0,0.0,inf,0.0,0.0,0.0,0.0,0,71,5
train,4,0,125287,125287,130699,5,12,2193,3.5,9,15,2,520.0,20,520.0,710.0,190.0,3.736842105263158,57.0,0.5,26.0,19.0,3,71,5
test,4,0,125287,125287,130699,5,12,2193,3.5,9,15,2,-4000.0,0,0.0,0.0,0.0,inf,0.0,0.0,0.0,0.0,0,72,5
train,4,0,125287,125287,130699,5,12,2193,3.5,9,15,2,520.0,20,520.0,710.0,190.0,3.736842105263158,57.0,0.5,26.0,19.0,3,72,5
test,4,0,125287,125287,130699,5,12,2193,3.5,9,15,2,-4000.0,0,0.0,0.0,0.0,inf,0.0,0.0,0.0,0.0,0,73,5
train,4,0,125287,125287,130699,5,12,2193,3.5,9,15,2,520.0,20,520.0,710.0,190.0,3.736842105263158,57.0,0.5,26.0,19.0,3,73,5
test,4,0,125287,125287,130699,5,12,2193,3.5,9,15,2,-4000.0,0,0.0,0.0,0.0,inf,0.0,0.0,0.0,0.0,0,74,5
train,4,0,125287,125287,130699,5,12,2193,3.5,9,15,2,520.0,20,520.0,710.0,190.0,3.736842105263158,57.0,0.5,26.0,19.0,3,74,5
test,4,0,125287,125287,130699,5,12,2193,3.5,9,15,2,-4000.0,0,0.0,0.0,0.0,inf,0.0,0.0,0.0,0.0,0,75,5
train,4,0,125287,125287,130699,5,12,2193,3.5,9,15,2,520.0,20,520.0,710.0,190.0,3.736842105263158,57.0,0.5,26.0,19.0,3,75,5
test,4,0,125287,125287,130699,5,12,2193,3.5,9,15,2,-4000.0,0,0.0,0.0,0.0,inf,0.0,0.0,0.0,0.0,0,76,5
train,4,0,125287,125287,130699,5,12,2193,3.5,9,15,2,520.0,20,520.0,710.0,190.0,3.736842105263158,57.0,0.5,26.0,19.0,3,76,5
test,4,0,125287,125287,130699,5,12,2193,3.5,9,15,2,-4000.0,0,0.0,0.0,0.0,inf,0.0,0.0,0.0,0.0,0,77,5
train,4,0,125287,125287,130699,5,12,2193,3.5,9,15,2,520.0,20,520.0,710.0,190.0,3.736842105263158,57.0,0.5,26.0,19.0,3,77,5
test,4,0,125287,125287,130699,5,12,2193,3.5,9,15,2,-4000.0,0,0.0,0.0,0.0,inf,0.0,0.0,0.0,0.0,0,78,5
train,4,0,125287,125287,130699,5,12,2193,3.5,9,15,2,520.0,20,520.0,710.0,190.0,3.736842105263158,57.0,0.5,26.0,19.0,3,78,5
test,4,0,125287,125287,130699,5,12,2193,3.5,9,15,2,-4000.0,0,0.0,0.0,0.0,inf,0.0,0.0,0.0,0.0,0,79,5
train,4,0,125287,125287,130699,5,12,2193,3.5,9,15,2,520.0,20,520.0,710.0,190.0,3.736842105263158,57.0,0.5,26.0,19.0,3,79,5
test,4,0,125287,125287,130699,5,12,2193,3.5,9,15,2,-4000.0,0,0.0,0.0,0.0,inf,0.0,0.0,0.0,0.0,0,80,5
train,4,0,125287,125287,130699,5,12,2193,3.5,9,15,2,520.0,20,520.0,710.0,190.0,3.736842105263158,57.0,0.5,26.0,19.0,3,80,5
test,4,0,125287,125287,130699,5,12,2193,3.5,9,15,2,-4000.0,0,0.0,0.0,0.0,inf,0.0,0.0,0.0,0.0,0,81,5
train,4,0,125287,125287,130699,5,12,2193,3.5,9,15,2,520.0,20,520.0,710.0,190.0,3.736842105263158,57.0,0.5,26.0,19.0,3,81,5
test,4,0,125287,125287,130699,5,12,2193,3.5,9,15,2,-4000.0,0,0.0,0.0,0.0,inf,0.0,0.0,0.0,0.0,0,82,5
train,4,0,125287,125287,130699,5,12,2193,3.5,9,15,2,520.0,20,520.0,710.0,190.0,3.736842105263158,57.0,0.5,26.0,19.0,3,82,5
test,4,0,125287,125287,130699,5,12,2193,3.5,9,15,2,-4000.0,0,0.0,0.0,0.0,inf,0.0,0.0,0.0,0.0,0,83,5
train,4,0,125287,125287,130699,5,12,2193,3.5,9,15,2,520.0,20,520.0,710.0,190.0,3.736842105263158,57.0,0.5,26.0,19.0,3,83,5
test,4,0,125287,125287,130699,5,12,2193,3.5,9,15,2,-4000.0,0,0.0,0.0,0.0,inf,0.0,0.0,0.0,0.0,0,84,5
train,4,0,125287,125287,130699,5,12,2193,3.5,9,15,2,520.0,20,520.0,710.0,190.0,3.736842105263158,57.0,0.5,26.0,19.0,3,84,5
test,4,0,125287,125287,130699,5,12,2193,3.5,9,15,2,-4000.0,0,0.0,0.0,0.0,inf,0.0,0.0,0.0,0.0,0,85,5
train,4,0,125287,125287,130699,5,12,2193,3.5,9,15,2,520.0,20,520.0,710.0,190.0,3.736842105263158,57.0,0.5,26.0,19.0,3,85,5
test,4,0,125287,125287,130699,5,12,2193,3.5,9,15,2,-4000.0,0,0.0,0.0,0.0,inf,0.0,0.0,0.0,0.0,0,86,5
train,4,0,125287,125287,130699,5,12,2193,3.5,9,15,2,520.0,20,520.0,710.0,190.0,3.736842105263158,57.0,0.5,26.0,19.0,3,86,5
test,4,0,125287,125287,130699,5,12,2193,3.5,9,15,2,-4000.0,0,0.0,0.0,0.0,inf,0.0,0.0,0.0,0.0,0,87,5
train,4,0,125287,125287,130699,5,12,2193,3.5,9,15,2,520.0,20,520.0,710.0,190.0,3.736842105263158,57.0,0.5,26.0,19.0,3,87,5
test,4,0,125287,125287,130699,5,12,2193,3.5,9,15,2,-4000.0,0,0.0,0.0,0.0,inf,0.0,0.0,0.0,0.0,0,88,5
train,4,0,125287,125287,130699,5,12,2193,3.5,9,15,2,520.0,20,520.0,710.0,190.0,3.736842105263158,57.0,0.5,26.0,19.0,3,88,5
test,4,0,125287,125287,130699,5,12,2193,3.5,9,15,2,-4000.0,0,0.0,0.0,0.0,inf,0.0,0.0,0.0,0.0,0,89,5
train,4,0,125287,125287,130699,5,12,2193,3.5,9,15,2,520.0,20,520.0,710.0,190.0,3.736842105263158,57.0,0.5,26.0,19.0,3,89,5
test,4,0,125287,125287,130699,5,12,2193,3.5,9,15,2,-4000.0,0,0.0,0.0,0.0,inf,0.0,0.0,0.0,0.0,0,90,5
train,4,0,125287,125287,130699,5,12,2193,3.5,9,15,2,520.0,20,520.0,710.0,190.0,3.736842105263158,57.0,0.5,26.0,19.0,3,90,5
test,4,0,125287,125287,130699,5,12,2193,3.5,9,15,2,-4000.0,0,0.0,0.0,0.0,inf,0.0,0.0,0.0,0.0,0,91,5
train,4,0,125287,125287,130699,5,12,2193,3.5,9,15,2,520.0,20,520.0,710.0,190.0,3.736842105263158,57.0,0.5,26.0,19.0,3,91,5
test,4,0,125287,125287,130699,5,12,2193,3.5,9,15,2,-4000.0,0,0.0,0.0,0.0,inf,0.0,0.0,0.0,0.0,0,92,5
train,4,0,125287,125287,130699,5,12,2193,3.5,9,15,2,520.0,20,520.0,710.0,190.0,3.736842105263158,57.0,0.5,26.0,19.0,3,92,5
test,4,0,125287,125287,130699,5,12,2193,3.5,9,15,2,-4000.0,0,0.0,0.0,0.0,inf,0.0,0.0,0.0,0.0,0,93,5
train,4,0,125287,125287,130699,5,12,2193,3.5,9,15,2,520.0,20,520.0,710.0,190.0,3.736842105263158,57.0,0.5,26.0,19.0,3,93,5
test,4,0,125287,125287,130699,5,12,2193,3.5,9,15,2,-4000.0,0,0.0,0.0,0.0,inf,0.0,0.0,0.0,0.0,0,94,5
train,4,0,125287,125287,130699,5,12,2193,3.5,9,15,2,520.0,20,520.0,710.0,190.0,3.736842105263158,57.0,0.5,26.0,19.0,3,94,5
test,4,0,125287,125287,130699,5,12,2193,3.5,9,15,2,-4000.0,0,0.0,0.0,0.0,inf,0.0,0.0,0.0,0.0,0,95,5
train,4,0,125287,125287,130699,5,12,2193,3.5,9,15,2,520.0,20,520.0,710.0,190.0,3.736842105263158,57.0,0.5,26.0,19.0,3,95,5
test,4,0,125287,125287,130699,5,12,2193,3.5,9,15,2,-4000.0,0,0.0,0.0,0.0,inf,0.0,0.0,0.0,0.0,0,96,5
train,4,0,125287,125287,130699,5,12,2193,3.5,9,15,2,520.0,20,520.0,710.0,190.0,3.736842105263158,57.0,0.5,26.0,19.0,3,96,5
test,4,0,125287,125287,130699,5,12,2193,3.5,9,15,2,-4000.0,0,0.0,0.0,0.0,inf,0.0,0.0,0.0,0.0,0,97,5
train,4,0,125287,125287,130699,5,12,2193,3.5,9,15,2,520.0,20,520.0,710.0,190.0,3.736842105263158,57.0,0.5,26.0,19.0,3,97,5
test,4,0,125287,125287,130699,5,12,2193,3.5,9,15,2,-4000.0,0,0.0,0.0,0.0,inf,0.0,0.0,0.0,0.0,0,98,5
train,4,0,125287,125287,130699,5,12,2193,3.5,9,15,2,520.0,20,520.0,710.0,190.0,3.736842105263158,57.0,0.5,26.0,19.0,3,98,5
test,4,0,125287,125287,130699,5,12,2193,3.5,9,15,2,-4000.0,0,0.0,0.0,0.0,inf,0.0,0.0,0.0,0.0,0,99,5
train,4,0,125287,125287,130699,5,12,2193,3.5,9,15,2,520.0,20,520.0,710.0,190.0,3.736842105263158,57.0,0.5,26.0,19.0,3,99,5
test,4,0,125287,125287,130699,5,12,2193,3.5,9,15,2,-4000.0,0,0.0,0.0,0.0,inf,0.0,0.0,0.0,0.0,0,100,5
train,4,0,125287,125287,130699,5,12,2193,3.5,9,15,2,520.0,20,520.0,710.0,190.0,3.736842105263158,57.0,0.5,26.0,19.0,3,100,5
