generation,window_id,train_start,train_end,test_start,test_end,best_fitness,average_fitness,median_fitness,worst_fitness,std_fitness,fitness_range,patience_counter,walk_forward_type,fitness_function,train_size,repetition
0,1,0,86986,86986,125287,222.0,-4022.23,-1209.0,-32529.0,7066.541921218853,32751.0,0,rolling,net_profit_fitness,3_days,rep_1
1,1,0,86986,86986,125287,321.0,-704.82,-61.5,-26047.0,2769.4235785036058,26368.0,0,rolling,net_profit_fitness,3_days,rep_1
2,1,0,86986,86986,125287,262.0,-33.96,30.0,-1000.0,276.7260221105549,1262.0,1,rolling,net_profit_fitness,3_days,rep_1
3,1,0,86986,86986,125287,228.0,61.86,71.0,-1000.0,141.68923314027353,1228.0,2,rolling,net_profit_fitness,3_days,rep_1
4,1,0,86986,86986,125287,276.0,85.5,106.5,-461.0,113.65849077500776,737.0,3,rolling,net_profit_fitness,3_days,rep_1
5,1,0,86986,86986,125287,295.0,142.43,143.5,-39.0,61.91950705177936,334.0,4,rolling,net_profit_fitness,3_days,rep_1
6,1,0,86986,86986,125287,257.0,136.36,161.0,-296.0,92.15692808432468,553.0,5,rolling,net_profit_fitness,3_days,rep_1
7,1,0,86986,86986,125287,298.0,162.26,190.0,-1000.0,132.84217262707963,1298.0,6,rolling,net_profit_fitness,3_days,rep_1
8,1,0,86986,86986,125287,317.0,202.72,228.0,63.0,42.46759430031993,254.0,7,rolling,net_profit_fitness,3_days,rep_1
9,1,0,86986,86986,125287,317.0,206.32,228.0,-111.0,59.03018916049001,428.0,8,rolling,net_profit_fitness,3_days,rep_1
10,1,0,86986,86986,125287,317.0,213.78,228.0,50.0,42.93842902189933,267.0,9,rolling,net_profit_fitness,3_days,rep_1
11,1,0,86986,86986,125287,336.0,208.42,228.0,37.0,51.4336249721695,299.0,0,rolling,net_profit_fitness,3_days,rep_1
12,1,0,86986,86986,125287,336.0,204.29,228.0,13.0,61.32069945636776,323.0,1,rolling,net_profit_fitness,3_days,rep_1
13,1,0,86986,86986,125287,295.0,208.46,228.0,33.0,51.90442265269012,262.0,2,rolling,net_profit_fitness,3_days,rep_1
14,1,0,86986,86986,125287,321.0,202.7,228.0,13.0,71.1635617802575,308.0,3,rolling,net_profit_fitness,3_days,rep_1
15,1,0,86986,86986,125287,321.0,204.22,228.0,-10.0,73.88068185605186,331.0,4,rolling,net_profit_fitness,3_days,rep_1
16,1,0,86986,86986,125287,309.0,201.88,228.0,-4.0,75.77255706415353,313.0,5,rolling,net_profit_fitness,3_days,rep_1
17,1,0,86986,86986,125287,299.0,223.03,228.0,33.0,76.4805983187365,266.0,6,rolling,net_profit_fitness,3_days,rep_1
18,1,0,86986,86986,125287,299.0,246.7,280.0,24.0,72.60248764416555,275.0,7,rolling,net_profit_fitness,3_days,rep_1
19,1,0,86986,86986,125287,314.0,275.1,295.0,73.0,49.36823090026847,241.0,8,rolling,net_profit_fitness,3_days,rep_1
20,1,0,86986,86986,125287,314.0,285.84,295.0,73.0,34.787586314893446,241.0,9,rolling,net_profit_fitness,3_days,rep_1
21,1,0,86986,86986,125287,314.0,296.15,304.0,53.0,36.80946710680377,261.0,10,rolling,net_profit_fitness,3_days,rep_1
22,1,0,86986,86986,125287,314.0,294.66,314.0,53.0,51.11923475186382,261.0,11,rolling,net_profit_fitness,3_days,rep_1
23,1,0,86986,86986,125287,314.0,302.25,314.0,53.0,41.29185969132024,261.0,12,rolling,net_profit_fitness,3_days,rep_1
24,1,0,86986,86986,125287,314.0,306.18,314.0,184.0,26.19946024580883,130.0,13,rolling,net_profit_fitness,3_days,rep_1
25,1,0,86986,86986,125287,314.0,301.24,314.0,73.0,43.36085839099637,241.0,14,rolling,net_profit_fitness,3_days,rep_1
26,1,0,86986,86986,125287,314.0,303.69,314.0,73.0,34.78815977607986,241.0,15,rolling,net_profit_fitness,3_days,rep_1
27,1,0,86986,86986,125287,314.0,302.95,314.0,73.0,40.326790102858425,241.0,16,rolling,net_profit_fitness,3_days,rep_1
28,1,0,86986,86986,125287,314.0,309.34,314.0,194.0,19.845982724547312,120.0,17,rolling,net_profit_fitness,3_days,rep_1
29,1,0,86986,86986,125287,314.0,304.6,314.0,73.0,40.081734674854765,241.0,18,rolling,net_profit_fitness,3_days,rep_1
30,1,0,86986,86986,125287,314.0,300.07,314.0,73.0,43.657124796011765,241.0,19,rolling,net_profit_fitness,3_days,rep_1
31,1,0,86986,86986,125287,314.0,299.22,314.0,73.0,51.06295975152496,241.0,20,rolling,net_profit_fitness,3_days,rep_1
32,1,0,86986,86986,125287,314.0,307.39,314.0,184.0,22.594311879163957,130.0,21,rolling,net_profit_fitness,3_days,rep_1
33,1,0,86986,86986,125287,314.0,308.24,314.0,184.0,23.799719886306782,130.0,22,rolling,net_profit_fitness,3_days,rep_1
34,1,0,86986,86986,125287,314.0,306.15,314.0,73.0,32.25478587932668,241.0,23,rolling,net_profit_fitness,3_days,rep_1
35,1,0,86986,86986,125287,314.0,302.69,314.0,73.0,41.1944624600654,241.0,24,rolling,net_profit_fitness,3_days,rep_1
36,1,0,86986,86986,125287,314.0,304.79,314.0,73.0,37.30472253257385,241.0,25,rolling,net_profit_fitness,3_days,rep_1
37,1,0,86986,86986,125287,314.0,298.61,314.0,73.0,41.492337128728245,241.0,26,rolling,net_profit_fitness,3_days,rep_1
38,1,0,86986,86986,125287,314.0,301.22,314.0,73.0,43.803182394419565,241.0,27,rolling,net_profit_fitness,3_days,rep_1
39,1,0,86986,86986,125287,314.0,309.7,314.0,184.0,19.465327890867645,130.0,28,rolling,net_profit_fitness,3_days,rep_1
40,1,0,86986,86986,125287,314.0,300.07,314.0,73.0,40.20861131949752,241.0,29,rolling,net_profit_fitness,3_days,rep_1
41,1,0,86986,86986,125287,314.0,306.35,314.0,73.0,32.33579340844346,241.0,30,rolling,net_profit_fitness,3_days,rep_1
42,1,0,86986,86986,125287,314.0,306.55,314.0,73.0,36.24255409422365,241.0,31,rolling,net_profit_fitness,3_days,rep_1
43,1,0,86986,86986,125287,314.0,295.16,314.0,73.0,57.45806024283005,241.0,32,rolling,net_profit_fitness,3_days,rep_1
44,1,0,86986,86986,125287,314.0,307.99,314.0,73.0,27.304676404150143,241.0,33,rolling,net_profit_fitness,3_days,rep_1
45,1,0,86986,86986,125287,314.0,294.36,314.0,73.0,54.82230615839918,241.0,34,rolling,net_profit_fitness,3_days,rep_1
46,1,0,86986,86986,125287,314.0,305.38,314.0,73.0,32.353720532934574,241.0,35,rolling,net_profit_fitness,3_days,rep_1
47,1,0,86986,86986,125287,314.0,305.35,314.0,184.0,29.32106320505359,130.0,36,rolling,net_profit_fitness,3_days,rep_1
48,1,0,86986,86986,125287,314.0,306.33,314.0,73.0,32.16939225381478,241.0,37,rolling,net_profit_fitness,3_days,rep_1
49,1,0,86986,86986,125287,314.0,305.91,314.0,73.0,38.21790130028048,241.0,38,rolling,net_profit_fitness,3_days,rep_1
50,1,0,86986,86986,125287,314.0,306.44,314.0,73.0,31.66278126083868,241.0,39,rolling,net_profit_fitness,3_days,rep_1
51,1,0,86986,86986,125287,314.0,309.1,314.0,73.0,26.623260127151596,241.0,40,rolling,net_profit_fitness,3_days,rep_1
52,1,0,86986,86986,125287,314.0,303.42,314.0,73.0,40.69501744003121,241.0,41,rolling,net_profit_fitness,3_days,rep_1
53,1,0,86986,86986,125287,314.0,304.19,314.0,73.0,39.31219128767034,241.0,42,rolling,net_profit_fitness,3_days,rep_1
54,1,0,86986,86986,125287,314.0,302.09,314.0,73.0,43.61588418839349,241.0,43,rolling,net_profit_fitness,3_days,rep_1
55,1,0,86986,86986,125287,314.0,303.23,314.0,73.0,39.58493106823312,241.0,44,rolling,net_profit_fitness,3_days,rep_1
56,1,0,86986,86986,125287,314.0,303.33,314.0,73.0,39.31793612348061,241.0,45,rolling,net_profit_fitness,3_days,rep_1
57,1,0,86986,86986,125287,314.0,304.84,314.0,73.0,38.34682766434783,241.0,46,rolling,net_profit_fitness,3_days,rep_1
58,1,0,86986,86986,125287,314.0,307.55,314.0,73.0,29.69997279187952,241.0,47,rolling,net_profit_fitness,3_days,rep_1
59,1,0,86986,86986,125287,314.0,299.45,314.0,73.0,49.01275344234397,241.0,48,rolling,net_profit_fitness,3_days,rep_1
60,1,0,86986,86986,125287,314.0,300.19,314.0,73.0,47.26834954477329,241.0,49,rolling,net_profit_fitness,3_days,rep_1
61,1,0,86986,86986,125287,314.0,306.08,314.0,184.0,28.335179975472613,130.0,50,rolling,net_profit_fitness,3_days,rep_1
62,1,0,86986,86986,125287,314.0,304.46,314.0,73.0,34.70028090591624,241.0,51,rolling,net_profit_fitness,3_days,rep_1
63,1,0,86986,86986,125287,314.0,301.24,314.0,73.0,46.98465685516901,241.0,52,rolling,net_profit_fitness,3_days,rep_1
64,1,0,86986,86986,125287,314.0,308.42,314.0,184.0,22.95765975473418,130.0,53,rolling,net_profit_fitness,3_days,rep_1
65,1,0,86986,86986,125287,314.0,305.48,314.0,73.0,34.330679509085684,241.0,54,rolling,net_profit_fitness,3_days,rep_1
66,1,0,86986,86986,125287,314.0,298.65,314.0,73.0,48.22597795270666,241.0,55,rolling,net_profit_fitness,3_days,rep_1
67,1,0,86986,86986,125287,314.0,301.42,314.0,73.0,36.70829042407976,241.0,56,rolling,net_profit_fitness,3_days,rep_1
68,1,0,86986,86986,125287,314.0,303.72,314.0,73.0,39.73500098188376,241.0,57,rolling,net_profit_fitness,3_days,rep_1
69,1,0,86986,86986,125287,314.0,299.97,314.0,73.0,40.09293622763909,241.0,58,rolling,net_profit_fitness,3_days,rep_1
70,1,0,86986,86986,125287,314.0,302.32,314.0,73.0,33.0285704299545,241.0,59,rolling,net_profit_fitness,3_days,rep_1
71,1,0,86986,86986,125287,314.0,304.44,314.0,184.0,29.655707883997813,130.0,60,rolling,net_profit_fitness,3_days,rep_1
72,1,0,86986,86986,125287,314.0,305.66,314.0,73.0,32.114448115727875,241.0,61,rolling,net_profit_fitness,3_days,rep_1
73,1,0,86986,86986,125287,314.0,306.85,314.0,73.0,30.30564003913823,241.0,62,rolling,net_profit_fitness,3_days,rep_1
74,1,0,86986,86986,125287,314.0,302.24,314.0,73.0,40.92592964334124,241.0,63,rolling,net_profit_fitness,3_days,rep_1
75,1,0,86986,86986,125287,314.0,305.15,314.0,73.0,35.37029941643244,241.0,64,rolling,net_profit_fitness,3_days,rep_1
76,1,0,86986,86986,125287,314.0,307.43,314.0,73.0,29.209191510325457,241.0,65,rolling,net_profit_fitness,3_days,rep_1
77,1,0,86986,86986,125287,314.0,300.89,314.0,73.0,48.66187087204598,241.0,66,rolling,net_profit_fitness,3_days,rep_1
78,1,0,86986,86986,125287,314.0,306.68,314.0,73.0,30.12964579206924,241.0,67,rolling,net_profit_fitness,3_days,rep_1
79,1,0,86986,86986,125287,314.0,307.68,314.0,184.0,23.75798855547372,130.0,68,rolling,net_profit_fitness,3_days,rep_1
80,1,0,86986,86986,125287,314.0,309.62,314.0,73.0,27.05504303333029,241.0,69,rolling,net_profit_fitness,3_days,rep_1
81,1,0,86986,86986,125287,314.0,306.41,314.0,73.0,31.39230266588717,241.0,70,rolling,net_profit_fitness,3_days,rep_1
82,1,0,86986,86986,125287,314.0,305.78,314.0,73.0,32.75917020199432,241.0,71,rolling,net_profit_fitness,3_days,rep_1
83,1,0,86986,86986,125287,314.0,305.33,314.0,73.0,33.69622314956759,241.0,72,rolling,net_profit_fitness,3_days,rep_1
84,1,0,86986,86986,125287,314.0,304.47,314.0,73.0,35.082717550199426,241.0,73,rolling,net_profit_fitness,3_days,rep_1
85,1,0,86986,86986,125287,314.0,298.15,314.0,73.0,46.68449334834769,241.0,74,rolling,net_profit_fitness,3_days,rep_1
86,1,0,86986,86986,125287,314.0,298.21,314.0,73.0,51.94116621211683,241.0,75,rolling,net_profit_fitness,3_days,rep_1
87,1,0,86986,86986,125287,314.0,298.09,314.0,73.0,48.53595876182207,241.0,76,rolling,net_profit_fitness,3_days,rep_1
88,1,0,86986,86986,125287,314.0,304.55,314.0,73.0,39.3128798900885,241.0,77,rolling,net_profit_fitness,3_days,rep_1
89,1,0,86986,86986,125287,314.0,304.03,314.0,73.0,39.293882372695016,241.0,78,rolling,net_profit_fitness,3_days,rep_1
90,1,0,86986,86986,125287,314.0,300.05,314.0,73.0,40.984938105542525,241.0,79,rolling,net_profit_fitness,3_days,rep_1
91,1,0,86986,86986,125287,314.0,302.01,314.0,73.0,42.690924685523626,241.0,80,rolling,net_profit_fitness,3_days,rep_1
92,1,0,86986,86986,125287,314.0,304.67,314.0,73.0,35.80617152380186,241.0,81,rolling,net_profit_fitness,3_days,rep_1
93,1,0,86986,86986,125287,314.0,304.62,314.0,73.0,37.19801775972108,241.0,82,rolling,net_profit_fitness,3_days,rep_1
94,1,0,86986,86986,125287,314.0,301.9,314.0,73.0,41.46496634923793,241.0,83,rolling,net_profit_fitness,3_days,rep_1
95,1,0,86986,86986,125287,314.0,307.46,314.0,73.0,30.32697902142013,241.0,84,rolling,net_profit_fitness,3_days,rep_1
96,1,0,86986,86986,125287,314.0,306.47,314.0,73.0,29.70986130202998,241.0,85,rolling,net_profit_fitness,3_days,rep_1
97,1,0,86986,86986,125287,314.0,303.04,314.0,73.0,37.49933871470808,241.0,86,rolling,net_profit_fitness,3_days,rep_1
98,1,0,86986,86986,125287,314.0,304.32,314.0,73.0,35.11046924358959,241.0,87,rolling,net_profit_fitness,3_days,rep_1
99,1,0,86986,86986,125287,314.0,292.84,314.0,73.0,58.6214908708333,241.0,88,rolling,net_profit_fitness,3_days,rep_1
100,1,0,86986,86986,125287,314.0,306.91,314.0,184.0,28.34210024794645,130.0,89,rolling,net_profit_fitness,3_days,rep_1
0,2,22406,125287,125287,130699,157.0,-5672.47,-1291.0,-45278.0,9752.66856250124,45435.0,0,rolling,net_profit_fitness,3_days,rep_1
1,2,22406,125287,125287,130699,262.0,-1093.67,-356.0,-20768.0,2711.46600198103,21030.0,0,rolling,net_profit_fitness,3_days,rep_1
2,2,22406,125287,125287,130699,333.0,-246.95,-26.0,-7606.0,894.3854543255335,7939.0,0,rolling,net_profit_fitness,3_days,rep_1
3,2,22406,125287,125287,130699,320.0,63.79,127.0,-2941.0,342.9977558309245,3261.0,1,rolling,net_profit_fitness,3_days,rep_1
4,2,22406,125287,125287,130699,463.0,169.05,199.0,-1726.0,226.89655788442005,2189.0,0,rolling,net_profit_fitness,3_days,rep_1
5,2,22406,125287,125287,130699,463.0,278.66,281.5,42.0,82.21334896155702,421.0,1,rolling,net_profit_fitness,3_days,rep_1
6,2,22406,125287,125287,130699,490.0,325.7,321.0,124.0,71.45507877560756,366.0,0,rolling,net_profit_fitness,3_days,rep_1
7,2,22406,125287,125287,130699,515.0,363.57,369.5,176.0,68.90166540040593,339.0,0,rolling,net_profit_fitness,3_days,rep_1
8,2,22406,125287,125287,130699,515.0,392.39,398.0,218.0,61.69342498896205,297.0,1,rolling,net_profit_fitness,3_days,rep_1
9,2,22406,125287,125287,130699,542.0,418.1,420.0,266.0,63.38920980097416,276.0,0,rolling,net_profit_fitness,3_days,rep_1
10,2,22406,125287,125287,130699,542.0,444.75,443.0,199.0,69.04432407424007,343.0,1,rolling,net_profit_fitness,3_days,rep_1
11,2,22406,125287,125287,130699,542.0,480.95,515.0,313.0,52.61454555577197,229.0,2,rolling,net_profit_fitness,3_days,rep_1
12,2,22406,125287,125287,130699,542.0,505.7,515.0,313.0,36.26320727707633,229.0,3,rolling,net_profit_fitness,3_days,rep_1
13,2,22406,125287,125287,130699,561.0,508.77,515.0,199.0,52.16211229998225,362.0,0,rolling,net_profit_fitness,3_days,rep_1
14,2,22406,125287,125287,130699,561.0,517.87,523.0,313.0,43.91650825110868,248.0,1,rolling,net_profit_fitness,3_days,rep_1
15,2,22406,125287,125287,130699,561.0,516.57,542.0,199.0,68.82230889777095,362.0,2,rolling,net_profit_fitness,3_days,rep_1
16,2,22406,125287,125287,130699,561.0,525.94,542.0,199.0,66.15513142713431,362.0,3,rolling,net_profit_fitness,3_days,rep_1
17,2,22406,125287,125287,130699,561.0,536.23,542.0,337.0,38.10613964688472,224.0,4,rolling,net_profit_fitness,3_days,rep_1
18,2,22406,125287,125287,130699,561.0,540.06,561.0,199.0,60.58232899004945,362.0,5,rolling,net_profit_fitness,3_days,rep_1
19,2,22406,125287,125287,130699,561.0,539.14,561.0,218.0,66.486426046862,343.0,6,rolling,net_profit_fitness,3_days,rep_1
20,2,22406,125287,125287,130699,561.0,547.99,561.0,356.0,42.31041971148024,205.0,7,rolling,net_profit_fitness,3_days,rep_1
21,2,22406,125287,125287,130699,561.0,545.0,561.0,218.0,51.51855603723397,343.0,8,rolling,net_profit_fitness,3_days,rep_1
22,2,22406,125287,125287,130699,561.0,550.96,561.0,359.0,35.37216848074632,202.0,9,rolling,net_profit_fitness,3_days,rep_1
23,2,22406,125287,125287,130699,561.0,542.26,561.0,218.0,57.364617962114885,343.0,10,rolling,net_profit_fitness,3_days,rep_1
24,2,22406,125287,125287,130699,561.0,542.26,561.0,218.0,65.53642213504355,343.0,11,rolling,net_profit_fitness,3_days,rep_1
25,2,22406,125287,125287,130699,561.0,544.81,561.0,218.0,52.22343121317066,343.0,12,rolling,net_profit_fitness,3_days,rep_1
26,2,22406,125287,125287,130699,561.0,543.32,561.0,218.0,59.79930745181897,343.0,13,rolling,net_profit_fitness,3_days,rep_1
27,2,22406,125287,125287,130699,561.0,550.51,561.0,409.0,31.4737328352685,152.0,14,rolling,net_profit_fitness,3_days,rep_1
28,2,22406,125287,125287,130699,561.0,542.34,561.0,218.0,65.51909583619053,343.0,15,rolling,net_profit_fitness,3_days,rep_1
29,2,22406,125287,125287,130699,561.0,541.05,561.0,218.0,72.15462843117137,343.0,16,rolling,net_profit_fitness,3_days,rep_1
30,2,22406,125287,125287,130699,561.0,543.2,561.0,218.0,52.88810372051086,343.0,17,rolling,net_profit_fitness,3_days,rep_1
31,2,22406,125287,125287,130699,561.0,542.53,561.0,218.0,52.90098526893656,343.0,18,rolling,net_profit_fitness,3_days,rep_1
32,2,22406,125287,125287,130699,561.0,546.52,561.0,218.0,51.36234520590454,343.0,19,rolling,net_profit_fitness,3_days,rep_1
33,2,22406,125287,125287,130699,561.0,545.62,561.0,218.0,59.61336369735507,343.0,20,rolling,net_profit_fitness,3_days,rep_1
34,2,22406,125287,125287,130699,561.0,540.4,561.0,218.0,67.26308967274126,343.0,21,rolling,net_profit_fitness,3_days,rep_1
35,2,22406,125287,125287,130699,561.0,549.89,561.0,218.0,46.2526865176609,343.0,22,rolling,net_profit_fitness,3_days,rep_1
36,2,22406,125287,125287,130699,561.0,530.77,561.0,218.0,73.09794936946044,343.0,23,rolling,net_profit_fitness,3_days,rep_1
37,2,22406,125287,125287,130699,561.0,540.32,561.0,218.0,65.00036985131761,343.0,24,rolling,net_profit_fitness,3_days,rep_1
38,2,22406,125287,125287,130699,561.0,541.52,561.0,218.0,65.52191090071175,343.0,25,rolling,net_profit_fitness,3_days,rep_1
39,2,22406,125287,125287,130699,561.0,540.65,561.0,218.0,57.241359455582746,343.0,26,rolling,net_profit_fitness,3_days,rep_1
40,2,22406,125287,125287,130699,561.0,550.47,561.0,356.0,37.59579145800146,205.0,27,rolling,net_profit_fitness,3_days,rep_1
41,2,22406,125287,125287,130699,561.0,539.44,561.0,218.0,57.77915460674989,343.0,28,rolling,net_profit_fitness,3_days,rep_1
42,2,22406,125287,125287,130699,561.0,536.65,561.0,218.0,66.85418702843019,343.0,29,rolling,net_profit_fitness,3_days,rep_1
43,2,22406,125287,125287,130699,561.0,547.78,561.0,359.0,40.57057200892432,202.0,30,rolling,net_profit_fitness,3_days,rep_1
44,2,22406,125287,125287,130699,561.0,541.6,561.0,218.0,58.43342062950488,343.0,31,rolling,net_profit_fitness,3_days,rep_1
45,2,22406,125287,125287,130699,561.0,552.36,561.0,359.0,34.34157594496558,202.0,32,rolling,net_profit_fitness,3_days,rep_1
46,2,22406,125287,125287,130699,561.0,547.6,561.0,218.0,47.969687398303,343.0,33,rolling,net_profit_fitness,3_days,rep_1
47,2,22406,125287,125287,130699,561.0,542.81,561.0,356.0,49.66304542421941,205.0,34,rolling,net_profit_fitness,3_days,rep_1
48,2,22406,125287,125287,130699,561.0,536.56,561.0,218.0,64.76442470269235,343.0,35,rolling,net_profit_fitness,3_days,rep_1
49,2,22406,125287,125287,130699,561.0,544.94,561.0,218.0,52.116384906836885,343.0,36,rolling,net_profit_fitness,3_days,rep_1
50,2,22406,125287,125287,130699,561.0,537.85,561.0,218.0,62.21636651739044,343.0,37,rolling,net_profit_fitness,3_days,rep_1
51,2,22406,125287,125287,130699,561.0,546.92,561.0,218.0,46.8924580957602,343.0,38,rolling,net_profit_fitness,3_days,rep_1
52,2,22406,125287,125287,130699,561.0,536.23,561.0,218.0,68.6738529631772,343.0,39,rolling,net_profit_fitness,3_days,rep_1
53,2,22406,125287,125287,130699,561.0,537.87,561.0,218.0,59.15698256215056,343.0,40,rolling,net_profit_fitness,3_days,rep_1
54,2,22406,125287,125287,130699,561.0,542.31,561.0,356.0,47.53174271638444,205.0,41,rolling,net_profit_fitness,3_days,rep_1
55,2,22406,125287,125287,130699,561.0,540.88,561.0,218.0,60.87879662729774,343.0,42,rolling,net_profit_fitness,3_days,rep_1
56,2,22406,125287,125287,130699,561.0,539.98,561.0,218.0,60.96778086030607,343.0,43,rolling,net_profit_fitness,3_days,rep_1
57,2,22406,125287,125287,130699,561.0,530.12,561.0,218.0,81.23507228837167,343.0,44,rolling,net_profit_fitness,3_days,rep_1
58,2,22406,125287,125287,130699,561.0,539.74,561.0,218.0,65.79408035759,343.0,45,rolling,net_profit_fitness,3_days,rep_1
59,2,22406,125287,125287,130699,561.0,544.16,561.0,218.0,59.54299354926725,343.0,46,rolling,net_profit_fitness,3_days,rep_1
60,2,22406,125287,125287,130699,561.0,534.28,561.0,218.0,80.78667256823037,343.0,47,rolling,net_profit_fitness,3_days,rep_1
61,2,22406,125287,125287,130699,561.0,540.64,561.0,218.0,60.53340675472786,343.0,48,rolling,net_profit_fitness,3_days,rep_1
62,2,22406,125287,125287,130699,561.0,545.02,561.0,218.0,56.00937511711857,343.0,49,rolling,net_profit_fitness,3_days,rep_1
63,2,22406,125287,125287,130699,561.0,536.96,561.0,218.0,70.9278933890332,343.0,50,rolling,net_profit_fitness,3_days,rep_1
64,2,22406,125287,125287,130699,561.0,546.73,561.0,397.0,39.40616139077182,164.0,51,rolling,net_profit_fitness,3_days,rep_1
65,2,22406,125287,125287,130699,561.0,543.01,561.0,218.0,61.354162306425735,343.0,52,rolling,net_profit_fitness,3_days,rep_1
66,2,22406,125287,125287,130699,561.0,539.45,561.0,218.0,68.62257704872414,343.0,53,rolling,net_profit_fitness,3_days,rep_1
67,2,22406,125287,125287,130699,561.0,551.88,561.0,218.0,42.68093511419615,343.0,54,rolling,net_profit_fitness,3_days,rep_1
68,2,22406,125287,125287,130699,561.0,546.62,561.0,218.0,56.07764818769263,343.0,55,rolling,net_profit_fitness,3_days,rep_1
69,2,22406,125287,125287,130699,561.0,534.0,561.0,218.0,72.26494462892933,343.0,56,rolling,net_profit_fitness,3_days,rep_1
70,2,22406,125287,125287,130699,561.0,550.25,561.0,397.0,35.925673833681124,164.0,57,rolling,net_profit_fitness,3_days,rep_1
71,2,22406,125287,125287,130699,561.0,536.14,561.0,218.0,77.86001683933945,343.0,58,rolling,net_profit_fitness,3_days,rep_1
72,2,22406,125287,125287,130699,561.0,540.36,561.0,218.0,61.17296557444078,343.0,59,rolling,net_profit_fitness,3_days,rep_1
73,2,22406,125287,125287,130699,561.0,540.17,561.0,218.0,69.23989260009526,343.0,60,rolling,net_profit_fitness,3_days,rep_1
74,2,22406,125287,125287,130699,561.0,539.23,561.0,218.0,67.23107371392541,343.0,61,rolling,net_profit_fitness,3_days,rep_1
75,2,22406,125287,125287,130699,561.0,550.45,561.0,218.0,47.331706117996674,343.0,62,rolling,net_profit_fitness,3_days,rep_1
76,2,22406,125287,125287,130699,561.0,541.05,561.0,218.0,67.14997160735578,343.0,63,rolling,net_profit_fitness,3_days,rep_1
77,2,22406,125287,125287,130699,561.0,545.78,561.0,218.0,49.76603441925207,343.0,64,rolling,net_profit_fitness,3_days,rep_1
78,2,22406,125287,125287,130699,561.0,542.03,561.0,218.0,63.063132548809264,343.0,65,rolling,net_profit_fitness,3_days,rep_1
79,2,22406,125287,125287,130699,561.0,539.83,561.0,218.0,64.92233977622958,343.0,66,rolling,net_profit_fitness,3_days,rep_1
80,2,22406,125287,125287,130699,561.0,547.7,561.0,218.0,50.06611790039409,343.0,67,rolling,net_profit_fitness,3_days,rep_1
81,2,22406,125287,125287,130699,561.0,547.97,561.0,340.0,40.44910881639303,221.0,68,rolling,net_profit_fitness,3_days,rep_1
82,2,22406,125287,125287,130699,561.0,553.57,561.0,356.0,33.70227789561909,205.0,69,rolling,net_profit_fitness,3_days,rep_1
83,2,22406,125287,125287,130699,561.0,537.99,561.0,218.0,75.91961392010485,343.0,70,rolling,net_profit_fitness,3_days,rep_1
84,2,22406,125287,125287,130699,561.0,534.92,561.0,218.0,71.89255169973444,343.0,71,rolling,net_profit_fitness,3_days,rep_1
85,2,22406,125287,125287,130699,561.0,538.93,561.0,218.0,67.88124731745681,343.0,72,rolling,net_profit_fitness,3_days,rep_1
86,2,22406,125287,125287,130699,561.0,549.44,561.0,397.0,35.11002044080202,164.0,73,rolling,net_profit_fitness,3_days,rep_1
87,2,22406,125287,125287,130699,561.0,535.52,561.0,218.0,70.07982173308815,343.0,74,rolling,net_profit_fitness,3_days,rep_1
88,2,22406,125287,125287,130699,561.0,543.74,561.0,218.0,55.258185553880345,343.0,75,rolling,net_profit_fitness,3_days,rep_1
89,2,22406,125287,125287,130699,561.0,547.75,561.0,218.0,49.69327637791371,343.0,76,rolling,net_profit_fitness,3_days,rep_1
90,2,22406,125287,125287,130699,561.0,526.11,561.0,218.0,80.1698821253967,343.0,77,rolling,net_profit_fitness,3_days,rep_1
91,2,22406,125287,125287,130699,561.0,528.14,561.0,218.0,79.13726982116249,343.0,78,rolling,net_profit_fitness,3_days,rep_1
92,2,22406,125287,125287,130699,561.0,549.07,561.0,218.0,44.039297189779234,343.0,79,rolling,net_profit_fitness,3_days,rep_1
93,2,22406,125287,125287,130699,561.0,547.99,561.0,340.0,40.79673560915918,221.0,80,rolling,net_profit_fitness,3_days,rep_1
94,2,22406,125287,125287,130699,561.0,535.25,561.0,218.0,69.89969364537424,343.0,81,rolling,net_profit_fitness,3_days,rep_1
95,2,22406,125287,125287,130699,561.0,532.72,561.0,218.0,81.13190158344284,343.0,82,rolling,net_profit_fitness,3_days,rep_1
96,2,22406,125287,125287,130699,561.0,539.12,561.0,218.0,59.6471578060802,343.0,83,rolling,net_profit_fitness,3_days,rep_1
97,2,22406,125287,125287,130699,561.0,535.16,561.0,218.0,74.25817915702736,343.0,84,rolling,net_profit_fitness,3_days,rep_1
98,2,22406,125287,125287,130699,561.0,545.82,561.0,218.0,53.30726256734857,343.0,85,rolling,net_profit_fitness,3_days,rep_1
99,2,22406,125287,125287,130699,561.0,547.61,561.0,218.0,48.952439297049466,343.0,86,rolling,net_profit_fitness,3_days,rep_1
100,2,22406,125287,125287,130699,561.0,545.05,561.0,218.0,51.93379137775988,343.0,87,rolling,net_profit_fitness,3_days,rep_1
0,1,0,86986,86986,125287,158.0,-2895.76,-504.5,-46281.0,6818.908937163873,46439.0,0,rolling,net_profit_fitness,3_days,rep_2
1,1,0,86986,86986,125287,205.0,-366.22,-94.5,-6780.0,1036.6655322998763,6985.0,0,rolling,net_profit_fitness,3_days,rep_2
2,1,0,86986,86986,125287,228.0,-9.09,14.5,-1604.0,212.74459933322524,1832.0,0,rolling,net_profit_fitness,3_days,rep_2
3,1,0,86986,86986,125287,228.0,32.17,56.0,-1000.0,184.58542436738847,1228.0,1,rolling,net_profit_fitness,3_days,rep_2
4,1,0,86986,86986,125287,275.0,118.8,111.0,-72.0,88.93999793300668,347.0,0,rolling,net_profit_fitness,3_days,rep_2
5,1,0,86986,86986,125287,285.0,145.64,164.5,-213.0,89.9746900438387,498.0,0,rolling,net_profit_fitness,3_days,rep_2
6,1,0,86986,86986,125287,285.0,175.49,219.0,-27.0,72.75022926827006,312.0,1,rolling,net_profit_fitness,3_days,rep_2
7,1,0,86986,86986,125287,285.0,196.91,228.0,3.0,65.41848115607452,282.0,2,rolling,net_profit_fitness,3_days,rep_2
8,1,0,86986,86986,125287,285.0,205.54,228.0,23.0,58.81153257343634,262.0,3,rolling,net_profit_fitness,3_days,rep_2
9,1,0,86986,86986,125287,295.0,208.33,228.0,-17.0,61.516533870122586,312.0,0,rolling,net_profit_fitness,3_days,rep_2
10,1,0,86986,86986,125287,295.0,189.59,228.0,-80.0,75.69077109055522,375.0,1,rolling,net_profit_fitness,3_days,rep_2
11,1,0,86986,86986,125287,295.0,186.91,228.0,-48.0,75.62949226994785,343.0,2,rolling,net_profit_fitness,3_days,rep_2
12,1,0,86986,86986,125287,295.0,197.32,228.0,-24.0,75.20153125455826,319.0,3,rolling,net_profit_fitness,3_days,rep_2
13,1,0,86986,86986,125287,295.0,179.97,228.0,-66.0,82.52828777351607,361.0,4,rolling,net_profit_fitness,3_days,rep_2
14,1,0,86986,86986,125287,295.0,197.77,228.0,-17.0,78.73608326606555,312.0,5,rolling,net_profit_fitness,3_days,rep_2
15,1,0,86986,86986,125287,295.0,200.06,228.0,-17.0,81.0083946267299,312.0,6,rolling,net_profit_fitness,3_days,rep_2
16,1,0,86986,86986,125287,295.0,200.87,228.0,17.0,87.33167416883357,278.0,7,rolling,net_profit_fitness,3_days,rep_2
17,1,0,86986,86986,125287,295.0,237.96,275.0,-8.0,77.97693520678037,303.0,8,rolling,net_profit_fitness,3_days,rep_2
18,1,0,86986,86986,125287,295.0,272.02,285.0,63.0,41.7116072792476,232.0,9,rolling,net_profit_fitness,3_days,rep_2
19,1,0,86986,86986,125287,295.0,284.9,295.0,73.0,27.936616571348534,222.0,10,rolling,net_profit_fitness,3_days,rep_2
20,1,0,86986,86986,125287,295.0,289.12,295.0,73.0,28.58666779737673,222.0,11,rolling,net_profit_fitness,3_days,rep_2
21,1,0,86986,86986,125287,295.0,285.14,295.0,73.0,38.06029772119843,222.0,12,rolling,net_profit_fitness,3_days,rep_2
22,1,0,86986,86986,125287,295.0,282.18,295.0,73.0,43.80152204356983,222.0,13,rolling,net_profit_fitness,3_days,rep_2
23,1,0,86986,86986,125287,295.0,287.71,295.0,184.0,24.291285796691906,111.0,14,rolling,net_profit_fitness,3_days,rep_2
24,1,0,86986,86986,125287,295.0,286.98,295.0,175.0,25.836306769249116,120.0,15,rolling,net_profit_fitness,3_days,rep_2
25,1,0,86986,86986,125287,295.0,287.42,295.0,73.0,30.955549754544187,222.0,16,rolling,net_profit_fitness,3_days,rep_2
26,1,0,86986,86986,125287,295.0,283.49,295.0,73.0,41.53409090218187,222.0,17,rolling,net_profit_fitness,3_days,rep_2
27,1,0,86986,86986,125287,295.0,287.33,295.0,73.0,30.15182290082018,222.0,18,rolling,net_profit_fitness,3_days,rep_2
28,1,0,86986,86986,125287,295.0,277.97,295.0,73.0,48.69539521506643,222.0,19,rolling,net_profit_fitness,3_days,rep_2
29,1,0,86986,86986,125287,295.0,288.04,295.0,73.0,29.67804344336504,222.0,20,rolling,net_profit_fitness,3_days,rep_2
30,1,0,86986,86986,125287,295.0,288.23,295.0,165.0,24.3152091074577,130.0,21,rolling,net_profit_fitness,3_days,rep_2
31,1,0,86986,86986,125287,295.0,284.72,295.0,73.0,33.620604552938225,222.0,22,rolling,net_profit_fitness,3_days,rep_2
32,1,0,86986,86986,125287,295.0,279.47,295.0,73.0,41.92645195741435,222.0,23,rolling,net_profit_fitness,3_days,rep_2
33,1,0,86986,86986,125287,295.0,286.6,295.0,73.0,35.759578783138295,222.0,24,rolling,net_profit_fitness,3_days,rep_2
34,1,0,86986,86986,125287,295.0,283.03,295.0,73.0,35.32574389617552,222.0,25,rolling,net_profit_fitness,3_days,rep_2
35,1,0,86986,86986,125287,295.0,284.58,295.0,73.0,34.29879993188795,222.0,26,rolling,net_profit_fitness,3_days,rep_2
36,1,0,86986,86986,125287,295.0,283.83,295.0,175.0,32.13326260522833,120.0,27,rolling,net_profit_fitness,3_days,rep_2
37,1,0,86986,86986,125287,295.0,280.57,295.0,73.0,51.03163110990451,222.0,28,rolling,net_profit_fitness,3_days,rep_2
38,1,0,86986,86986,125287,295.0,283.77,295.0,73.0,41.64832444760448,222.0,29,rolling,net_profit_fitness,3_days,rep_2
39,1,0,86986,86986,125287,295.0,282.84,295.0,73.0,40.555167564215736,222.0,30,rolling,net_profit_fitness,3_days,rep_2
40,1,0,86986,86986,125287,295.0,288.58,295.0,73.0,33.425986382701794,222.0,31,rolling,net_profit_fitness,3_days,rep_2
41,1,0,86986,86986,125287,295.0,284.23,295.0,73.0,35.49928296330914,222.0,32,rolling,net_profit_fitness,3_days,rep_2
42,1,0,86986,86986,125287,295.0,283.2,295.0,73.0,36.402075642895845,222.0,33,rolling,net_profit_fitness,3_days,rep_2
43,1,0,86986,86986,125287,295.0,284.5,295.0,73.0,35.09712354037124,222.0,34,rolling,net_profit_fitness,3_days,rep_2
44,1,0,86986,86986,125287,295.0,292.54,295.0,184.0,13.41898248411894,111.0,35,rolling,net_profit_fitness,3_days,rep_2
45,1,0,86986,86986,125287,295.0,288.3,295.0,73.0,27.681996483146392,222.0,36,rolling,net_profit_fitness,3_days,rep_2
46,1,0,86986,86986,125287,295.0,276.11,295.0,73.0,51.201305025981874,222.0,37,rolling,net_profit_fitness,3_days,rep_2
47,1,0,86986,86986,125287,295.0,277.83,295.0,73.0,48.594187414803535,222.0,38,rolling,net_profit_fitness,3_days,rep_2
48,1,0,86986,86986,125287,295.0,284.53,295.0,73.0,34.24170031414971,222.0,39,rolling,net_profit_fitness,3_days,rep_2
49,1,0,86986,86986,125287,295.0,281.59,295.0,73.0,37.7244381313126,222.0,40,rolling,net_profit_fitness,3_days,rep_2
50,1,0,86986,86986,125287,295.0,288.15,295.0,175.0,25.405151390450666,120.0,41,rolling,net_profit_fitness,3_days,rep_2
51,1,0,86986,86986,125287,295.0,280.14,295.0,73.0,45.38878515869111,222.0,42,rolling,net_profit_fitness,3_days,rep_2
52,1,0,86986,86986,125287,295.0,284.91,295.0,175.0,28.88713495064136,120.0,43,rolling,net_profit_fitness,3_days,rep_2
53,1,0,86986,86986,125287,295.0,280.96,295.0,73.0,35.18922011243233,222.0,44,rolling,net_profit_fitness,3_days,rep_2
54,1,0,86986,86986,125287,295.0,285.56,295.0,73.0,35.67964080083721,222.0,45,rolling,net_profit_fitness,3_days,rep_2
55,1,0,86986,86986,125287,295.0,278.28,295.0,73.0,45.88547007099702,222.0,46,rolling,net_profit_fitness,3_days,rep_2
56,1,0,86986,86986,125287,295.0,286.17,295.0,73.0,31.45721962708508,222.0,47,rolling,net_profit_fitness,3_days,rep_2
57,1,0,86986,86986,125287,295.0,284.99,295.0,73.0,40.55834928802819,222.0,48,rolling,net_profit_fitness,3_days,rep_2
58,1,0,86986,86986,125287,295.0,283.75,295.0,73.0,41.6954748895204,222.0,49,rolling,net_profit_fitness,3_days,rep_2
59,1,0,86986,86986,125287,295.0,289.94,295.0,185.0,20.51548811325854,110.0,50,rolling,net_profit_fitness,3_days,rep_2
60,1,0,86986,86986,125287,295.0,287.42,295.0,73.0,34.66701048780549,222.0,51,rolling,net_profit_fitness,3_days,rep_2
61,1,0,86986,86986,125287,295.0,285.49,295.0,73.0,36.58075196249271,222.0,52,rolling,net_profit_fitness,3_days,rep_2
62,1,0,86986,86986,125287,295.0,283.37,295.0,73.0,44.566521610788165,222.0,53,rolling,net_profit_fitness,3_days,rep_2
63,1,0,86986,86986,125287,295.0,287.04,295.0,73.0,38.77516647744449,222.0,54,rolling,net_profit_fitness,3_days,rep_2
64,1,0,86986,86986,125287,295.0,289.29,295.0,73.0,27.38623668188018,222.0,55,rolling,net_profit_fitness,3_days,rep_2
65,1,0,86986,86986,125287,295.0,283.54,295.0,73.0,33.199251543224634,222.0,56,rolling,net_profit_fitness,3_days,rep_2
66,1,0,86986,86986,125287,295.0,288.47,295.0,73.0,31.92904222449739,222.0,57,rolling,net_profit_fitness,3_days,rep_2
67,1,0,86986,86986,125287,295.0,290.57,295.0,175.0,21.93252047862841,120.0,58,rolling,net_profit_fitness,3_days,rep_2
68,1,0,86986,86986,125287,295.0,286.6,295.0,73.0,38.689387264063605,222.0,59,rolling,net_profit_fitness,3_days,rep_2
69,1,0,86986,86986,125287,295.0,283.73,295.0,73.0,34.27572542682873,222.0,60,rolling,net_profit_fitness,3_days,rep_2
70,1,0,86986,86986,125287,295.0,291.15,295.0,175.0,19.74451720341522,120.0,61,rolling,net_profit_fitness,3_days,rep_2
71,1,0,86986,86986,125287,295.0,284.46,295.0,73.0,34.61955423389411,222.0,62,rolling,net_profit_fitness,3_days,rep_2
72,1,0,86986,86986,125287,295.0,288.99,295.0,73.0,27.133227235292527,222.0,63,rolling,net_profit_fitness,3_days,rep_2
73,1,0,86986,86986,125287,295.0,289.99,295.0,185.0,19.33306948618289,110.0,64,rolling,net_profit_fitness,3_days,rep_2
74,1,0,86986,86986,125287,295.0,283.23,295.0,73.0,39.41564448671403,222.0,65,rolling,net_profit_fitness,3_days,rep_2
75,1,0,86986,86986,125287,295.0,283.67,295.0,73.0,40.81222212459737,222.0,66,rolling,net_profit_fitness,3_days,rep_2
76,1,0,86986,86986,125287,295.0,283.92,295.0,73.0,39.09627588247745,222.0,67,rolling,net_profit_fitness,3_days,rep_2
77,1,0,86986,86986,125287,295.0,283.39,295.0,73.0,44.936969325058094,222.0,68,rolling,net_profit_fitness,3_days,rep_2
78,1,0,86986,86986,125287,295.0,288.13,295.0,73.0,28.27593294373121,222.0,69,rolling,net_profit_fitness,3_days,rep_2
79,1,0,86986,86986,125287,295.0,286.52,295.0,73.0,32.6154453093511,222.0,70,rolling,net_profit_fitness,3_days,rep_2
80,1,0,86986,86986,125287,295.0,287.52,295.0,73.0,34.531636789963194,222.0,71,rolling,net_profit_fitness,3_days,rep_2
81,1,0,86986,86986,125287,295.0,289.32,295.0,73.0,27.403044879846263,222.0,72,rolling,net_profit_fitness,3_days,rep_2
82,1,0,86986,86986,125287,295.0,288.24,295.0,184.0,23.82093129322965,111.0,73,rolling,net_profit_fitness,3_days,rep_2
83,1,0,86986,86986,125287,295.0,284.57,295.0,73.0,44.05213967676269,222.0,74,rolling,net_profit_fitness,3_days,rep_2
84,1,0,86986,86986,125287,295.0,282.62,295.0,73.0,46.63868858284153,222.0,75,rolling,net_profit_fitness,3_days,rep_2
85,1,0,86986,86986,125287,295.0,288.82,295.0,73.0,33.43994466188452,222.0,76,rolling,net_profit_fitness,3_days,rep_2
86,1,0,86986,86986,125287,295.0,285.9,295.0,73.0,36.65881458624497,222.0,77,rolling,net_profit_fitness,3_days,rep_2
87,1,0,86986,86986,125287,295.0,289.01,295.0,73.0,27.120566946786926,222.0,78,rolling,net_profit_fitness,3_days,rep_2
88,1,0,86986,86986,125287,295.0,283.6,295.0,73.0,39.51268815523091,222.0,79,rolling,net_profit_fitness,3_days,rep_2
89,1,0,86986,86986,125287,295.0,284.27,295.0,73.0,40.84631333586072,222.0,80,rolling,net_profit_fitness,3_days,rep_2
90,1,0,86986,86986,125287,295.0,284.89,295.0,73.0,41.43972012502503,222.0,81,rolling,net_profit_fitness,3_days,rep_2
91,1,0,86986,86986,125287,295.0,288.61,295.0,175.0,23.11713475307697,120.0,82,rolling,net_profit_fitness,3_days,rep_2
92,1,0,86986,86986,125287,295.0,283.23,295.0,73.0,45.517863071390536,222.0,83,rolling,net_profit_fitness,3_days,rep_2
93,1,0,86986,86986,125287,295.0,281.78,295.0,73.0,44.28821582098404,222.0,84,rolling,net_profit_fitness,3_days,rep_2
94,1,0,86986,86986,125287,295.0,292.8,295.0,246.0,8.886489575175169,49.0,85,rolling,net_profit_fitness,3_days,rep_2
95,1,0,86986,86986,125287,295.0,281.26,295.0,73.0,47.74249531168075,222.0,86,rolling,net_profit_fitness,3_days,rep_2
96,1,0,86986,86986,125287,295.0,291.64,295.0,185.0,17.305058523595072,110.0,87,rolling,net_profit_fitness,3_days,rep_2
97,1,0,86986,86986,125287,295.0,290.29,295.0,185.0,18.34588826308544,110.0,88,rolling,net_profit_fitness,3_days,rep_2
98,1,0,86986,86986,125287,295.0,290.87,295.0,175.0,16.44498326990559,120.0,89,rolling,net_profit_fitness,3_days,rep_2
99,1,0,86986,86986,125287,295.0,286.52,295.0,73.0,29.941856112718654,222.0,90,rolling,net_profit_fitness,3_days,rep_2
100,1,0,86986,86986,125287,295.0,288.73,295.0,73.0,29.444299408829,222.0,91,rolling,net_profit_fitness,3_days,rep_2
0,2,22406,125287,125287,130699,360.0,-3714.89,-1419.0,-39729.0,5853.499215732915,40089.0,0,rolling,net_profit_fitness,3_days,rep_2
1,2,22406,125287,125287,130699,354.0,-702.63,-217.5,-15318.0,1769.8003291760106,15672.0,1,rolling,net_profit_fitness,3_days,rep_2
2,2,22406,125287,125287,130699,420.0,-185.88,-55.0,-3922.0,549.295017051471,4342.0,0,rolling,net_profit_fitness,3_days,rep_2
3,2,22406,125287,125287,130699,511.0,19.7,132.5,-3399.0,507.592087480417,3910.0,0,rolling,net_profit_fitness,3_days,rep_2
4,2,22406,125287,125287,130699,562.0,222.5,247.0,-646.0,183.03808181342865,1208.0,0,rolling,net_profit_fitness,3_days,rep_2
5,2,22406,125287,125287,130699,619.0,311.02,337.5,-306.0,125.54800924850473,925.0,0,rolling,net_profit_fitness,3_days,rep_2
6,2,22406,125287,125287,130699,619.0,351.54,351.0,-29.0,102.22607348915491,648.0,1,rolling,net_profit_fitness,3_days,rep_2
7,2,22406,125287,125287,130699,619.0,390.93,400.0,180.0,102.27999350169648,439.0,2,rolling,net_profit_fitness,3_days,rep_2
8,2,22406,125287,125287,130699,619.0,441.64,444.0,79.0,112.22474924647568,540.0,3,rolling,net_profit_fitness,3_days,rep_2
9,2,22406,125287,125287,130699,619.0,508.31,527.5,220.0,93.41551522551532,399.0,4,rolling,net_profit_fitness,3_days,rep_2
10,2,22406,125287,125287,130699,619.0,521.35,562.0,79.0,116.48040325923644,540.0,5,rolling,net_profit_fitness,3_days,rep_2
11,2,22406,125287,125287,130699,635.0,579.51,600.0,339.0,53.17618799516349,296.0,0,rolling,net_profit_fitness,3_days,rep_2
12,2,22406,125287,125287,130699,654.0,593.13,619.0,211.0,70.05202323699123,443.0,0,rolling,net_profit_fitness,3_days,rep_2
13,2,22406,125287,125287,130699,654.0,593.34,619.0,211.0,75.54211080616231,443.0,1,rolling,net_profit_fitness,3_days,rep_2
14,2,22406,125287,125287,130699,654.0,609.99,619.0,358.0,48.26871228713882,296.0,2,rolling,net_profit_fitness,3_days,rep_2
15,2,22406,125287,125287,130699,654.0,618.06,619.0,360.0,48.35136967548024,294.0,3,rolling,net_profit_fitness,3_days,rep_2
16,2,22406,125287,125287,130699,654.0,626.82,654.0,421.0,48.22472227378648,233.0,4,rolling,net_profit_fitness,3_days,rep_2
17,2,22406,125287,125287,130699,673.0,632.26,654.0,226.0,68.89204261272513,447.0,0,rolling,net_profit_fitness,3_days,rep_2
18,2,22406,125287,125287,130699,673.0,630.4,654.0,226.0,81.72249174227164,447.0,1,rolling,net_profit_fitness,3_days,rep_2
19,2,22406,125287,125287,130699,654.0,634.76,654.0,226.0,63.10166880567111,428.0,2,rolling,net_profit_fitness,3_days,rep_2
20,2,22406,125287,125287,130699,654.0,621.88,654.0,226.0,76.25452859544232,428.0,3,rolling,net_profit_fitness,3_days,rep_2
21,2,22406,125287,125287,130699,654.0,637.26,654.0,226.0,62.71381527432872,428.0,4,rolling,net_profit_fitness,3_days,rep_2
22,2,22406,125287,125287,130699,654.0,637.47,654.0,400.0,49.21863304058574,254.0,5,rolling,net_profit_fitness,3_days,rep_2
23,2,22406,125287,125287,130699,654.0,637.53,654.0,421.0,50.35559511708664,233.0,6,rolling,net_profit_fitness,3_days,rep_2
24,2,22406,125287,125287,130699,654.0,636.43,654.0,226.0,75.12928318518148,428.0,7,rolling,net_profit_fitness,3_days,rep_2
25,2,22406,125287,125287,130699,654.0,632.03,654.0,226.0,72.12621583100703,428.0,8,rolling,net_profit_fitness,3_days,rep_2
26,2,22406,125287,125287,130699,654.0,631.8,654.0,226.0,83.37938121694843,428.0,9,rolling,net_profit_fitness,3_days,rep_2
27,2,22406,125287,125287,130699,654.0,628.09,654.0,226.0,85.25956743019424,428.0,10,rolling,net_profit_fitness,3_days,rep_2
28,2,22406,125287,125287,130699,654.0,638.82,654.0,226.0,58.587822363464994,428.0,11,rolling,net_profit_fitness,3_days,rep_2
29,2,22406,125287,125287,130699,654.0,632.1,654.0,226.0,73.4410366115965,428.0,12,rolling,net_profit_fitness,3_days,rep_2
30,2,22406,125287,125287,130699,654.0,636.4,654.0,226.0,57.48148582040318,428.0,13,rolling,net_profit_fitness,3_days,rep_2
31,2,22406,125287,125287,130699,654.0,631.44,654.0,226.0,70.22148510033784,428.0,14,rolling,net_profit_fitness,3_days,rep_2
32,2,22406,125287,125287,130699,654.0,628.11,654.0,226.0,82.64966772926299,428.0,15,rolling,net_profit_fitness,3_days,rep_2
33,2,22406,125287,125287,130699,654.0,631.17,654.0,226.0,68.18084315801157,428.0,16,rolling,net_profit_fitness,3_days,rep_2
34,2,22406,125287,125287,130699,654.0,634.17,654.0,421.0,54.18972562798564,233.0,17,rolling,net_profit_fitness,3_days,rep_2
35,2,22406,125287,125287,130699,654.0,634.31,654.0,226.0,69.39648857300077,428.0,18,rolling,net_profit_fitness,3_days,rep_2
36,2,22406,125287,125287,130699,654.0,637.88,654.0,421.0,52.41255921662635,233.0,19,rolling,net_profit_fitness,3_days,rep_2
37,2,22406,125287,125287,130699,654.0,639.71,654.0,400.0,46.72772953044805,254.0,20,rolling,net_profit_fitness,3_days,rep_2
38,2,22406,125287,125287,130699,654.0,634.25,654.0,226.0,62.40036502742236,428.0,21,rolling,net_profit_fitness,3_days,rep_2
39,2,22406,125287,125287,130699,654.0,640.8,654.0,421.0,43.362926957753146,233.0,22,rolling,net_profit_fitness,3_days,rep_2
40,2,22406,125287,125287,130699,654.0,638.16,654.0,226.0,66.04356077008507,428.0,23,rolling,net_profit_fitness,3_days,rep_2
41,2,22406,125287,125287,130699,654.0,637.32,654.0,421.0,49.657387784862,233.0,24,rolling,net_profit_fitness,3_days,rep_2
42,2,22406,125287,125287,130699,654.0,630.47,654.0,226.0,82.58616008983489,428.0,25,rolling,net_profit_fitness,3_days,rep_2
43,2,22406,125287,125287,130699,654.0,628.28,654.0,226.0,78.26090526520437,428.0,26,rolling,net_profit_fitness,3_days,rep_2
44,2,22406,125287,125287,130699,654.0,629.97,654.0,226.0,81.6829860008815,428.0,27,rolling,net_profit_fitness,3_days,rep_2
45,2,22406,125287,125287,130699,654.0,638.19,654.0,226.0,57.14728357675472,428.0,28,rolling,net_profit_fitness,3_days,rep_2
46,2,22406,125287,125287,130699,654.0,630.65,654.0,226.0,77.64987137949763,428.0,29,rolling,net_profit_fitness,3_days,rep_2
47,2,22406,125287,125287,130699,654.0,639.94,654.0,421.0,46.95233344746155,233.0,30,rolling,net_profit_fitness,3_days,rep_2
48,2,22406,125287,125287,130699,654.0,637.65,654.0,226.0,60.92342851000871,428.0,31,rolling,net_profit_fitness,3_days,rep_2
49,2,22406,125287,125287,130699,654.0,646.0,654.0,433.0,33.39993346633426,221.0,32,rolling,net_profit_fitness,3_days,rep_2
50,2,22406,125287,125287,130699,654.0,644.88,654.0,421.0,36.51131829496661,233.0,33,rolling,net_profit_fitness,3_days,rep_2
51,2,22406,125287,125287,130699,654.0,629.37,654.0,400.0,62.1639498959539,254.0,34,rolling,net_profit_fitness,3_days,rep_2
52,2,22406,125287,125287,130699,654.0,636.82,654.0,226.0,61.48127414674383,428.0,35,rolling,net_profit_fitness,3_days,rep_2
53,2,22406,125287,125287,130699,654.0,633.12,654.0,226.0,68.52519701732076,428.0,36,rolling,net_profit_fitness,3_days,rep_2
54,2,22406,125287,125287,130699,673.0,636.74,654.0,226.0,64.02502982775131,447.0,37,rolling,net_profit_fitness,3_days,rep_2
55,2,22406,125287,125287,130699,654.0,643.14,654.0,419.0,35.18580407040328,235.0,38,rolling,net_profit_fitness,3_days,rep_2
56,2,22406,125287,125287,130699,654.0,638.49,654.0,419.0,51.72762679398093,235.0,39,rolling,net_profit_fitness,3_days,rep_2
57,2,22406,125287,125287,130699,654.0,628.76,654.0,226.0,76.11011692928805,428.0,40,rolling,net_profit_fitness,3_days,rep_2
58,2,22406,125287,125287,130699,673.0,642.88,654.0,226.0,52.60684750144608,447.0,41,rolling,net_profit_fitness,3_days,rep_2
59,2,22406,125287,125287,130699,673.0,644.35,654.0,421.0,37.01770665587762,252.0,42,rolling,net_profit_fitness,3_days,rep_2
60,2,22406,125287,125287,130699,673.0,636.61,654.0,433.0,53.9610587237302,240.0,43,rolling,net_profit_fitness,3_days,rep_2
61,2,22406,125287,125287,130699,673.0,633.91,654.0,226.0,63.94396141951327,447.0,44,rolling,net_profit_fitness,3_days,rep_2
62,2,22406,125287,125287,130699,673.0,636.08,654.0,464.0,45.40628710972644,209.0,45,rolling,net_profit_fitness,3_days,rep_2
63,2,22406,125287,125287,130699,673.0,635.48,654.0,226.0,62.95733363624812,447.0,46,rolling,net_profit_fitness,3_days,rep_2
64,2,22406,125287,125287,130699,673.0,650.71,673.0,534.0,38.55320212303245,139.0,47,rolling,net_profit_fitness,3_days,rep_2
65,2,22406,125287,125287,130699,673.0,648.72,673.0,226.0,64.25628609739519,447.0,48,rolling,net_profit_fitness,3_days,rep_2
66,2,22406,125287,125287,130699,673.0,657.82,673.0,433.0,43.51393135792516,240.0,49,rolling,net_profit_fitness,3_days,rep_2
67,2,22406,125287,125287,130699,673.0,650.87,673.0,226.0,76.01563568560661,447.0,50,rolling,net_profit_fitness,3_days,rep_2
68,2,22406,125287,125287,130699,673.0,660.25,673.0,226.0,53.44710875569823,447.0,51,rolling,net_profit_fitness,3_days,rep_2
69,2,22406,125287,125287,130699,673.0,644.63,673.0,226.0,86.04868894228935,447.0,52,rolling,net_profit_fitness,3_days,rep_2
70,2,22406,125287,125287,130699,673.0,655.49,673.0,226.0,61.37045895480359,447.0,53,rolling,net_profit_fitness,3_days,rep_2
71,2,22406,125287,125287,130699,673.0,649.92,673.0,226.0,76.82469615555885,447.0,54,rolling,net_profit_fitness,3_days,rep_2
72,2,22406,125287,125287,130699,673.0,654.13,673.0,440.0,52.08746626026401,233.0,55,rolling,net_profit_fitness,3_days,rep_2
73,2,22406,125287,125287,130699,673.0,664.41,673.0,440.0,33.228652294869455,233.0,56,rolling,net_profit_fitness,3_days,rep_2
74,2,22406,125287,125287,130699,673.0,658.85,673.0,440.0,44.59885739352614,233.0,57,rolling,net_profit_fitness,3_days,rep_2
75,2,22406,125287,125287,130699,673.0,644.3,673.0,226.0,80.99962588765082,447.0,58,rolling,net_profit_fitness,3_days,rep_2
76,2,22406,125287,125287,130699,673.0,648.08,673.0,226.0,79.4109220791104,447.0,59,rolling,net_profit_fitness,3_days,rep_2
77,2,22406,125287,125287,130699,673.0,659.59,673.0,452.0,41.48045541960914,221.0,60,rolling,net_profit_fitness,3_days,rep_2
78,2,22406,125287,125287,130699,673.0,651.47,673.0,226.0,63.89834967281308,447.0,61,rolling,net_profit_fitness,3_days,rep_2
79,2,22406,125287,125287,130699,673.0,664.8,673.0,502.0,29.56383266797798,171.0,62,rolling,net_profit_fitness,3_days,rep_2
80,2,22406,125287,125287,130699,673.0,658.16,673.0,226.0,59.0995940781493,447.0,63,rolling,net_profit_fitness,3_days,rep_2
81,2,22406,125287,125287,130699,673.0,661.98,673.0,226.0,55.88642523236323,447.0,64,rolling,net_profit_fitness,3_days,rep_2
82,2,22406,125287,125287,130699,673.0,657.29,673.0,440.0,48.508521588136105,233.0,65,rolling,net_profit_fitness,3_days,rep_2
83,2,22406,125287,125287,130699,673.0,652.04,673.0,226.0,68.78717287049346,447.0,66,rolling,net_profit_fitness,3_days,rep_2
84,2,22406,125287,125287,130699,673.0,658.1,673.0,226.0,57.849945217054106,447.0,67,rolling,net_profit_fitness,3_days,rep_2
85,2,22406,125287,125287,130699,673.0,655.08,673.0,440.0,53.71599088509563,233.0,68,rolling,net_profit_fitness,3_days,rep_2
86,2,22406,125287,125287,130699,673.0,656.11,673.0,440.0,48.49385986333161,233.0,69,rolling,net_profit_fitness,3_days,rep_2
87,2,22406,125287,125287,130699,673.0,651.2,673.0,440.0,55.80014843758541,233.0,70,rolling,net_profit_fitness,3_days,rep_2
88,2,22406,125287,125287,130699,673.0,652.25,673.0,226.0,64.2338491275229,447.0,71,rolling,net_profit_fitness,3_days,rep_2
89,2,22406,125287,125287,130699,673.0,646.35,673.0,226.0,82.21533379553422,447.0,72,rolling,net_profit_fitness,3_days,rep_2
90,2,22406,125287,125287,130699,673.0,654.02,673.0,226.0,80.0463224475287,447.0,73,rolling,net_profit_fitness,3_days,rep_2
91,2,22406,125287,125287,130699,673.0,653.17,673.0,440.0,58.06789042999495,233.0,74,rolling,net_profit_fitness,3_days,rep_2
92,2,22406,125287,125287,130699,673.0,656.67,673.0,440.0,48.38712889213662,233.0,75,rolling,net_profit_fitness,3_days,rep_2
93,2,22406,125287,125287,130699,673.0,643.48,673.0,226.0,93.649947823118,447.0,76,rolling,net_profit_fitness,3_days,rep_2
94,2,22406,125287,125287,130699,673.0,658.41,673.0,440.0,43.242350873777774,233.0,77,rolling,net_profit_fitness,3_days,rep_2
95,2,22406,125287,125287,130699,673.0,640.1,673.0,440.0,73.60946634335515,233.0,78,rolling,net_profit_fitness,3_days,rep_2
96,2,22406,125287,125287,130699,673.0,649.39,673.0,226.0,65.83510085851243,447.0,79,rolling,net_profit_fitness,3_days,rep_2
97,2,22406,125287,125287,130699,673.0,638.56,673.0,226.0,83.97706757673716,447.0,80,rolling,net_profit_fitness,3_days,rep_2
98,2,22406,125287,125287,130699,673.0,663.8,673.0,547.0,29.190423225448583,126.0,81,rolling,net_profit_fitness,3_days,rep_2
99,2,22406,125287,125287,130699,673.0,659.54,673.0,440.0,49.64936041782401,233.0,82,rolling,net_profit_fitness,3_days,rep_2
100,2,22406,125287,125287,130699,673.0,652.75,673.0,226.0,68.03094586994654,447.0,83,rolling,net_profit_fitness,3_days,rep_2
0,1,0,86986,86986,125287,205.0,-3484.82,-609.0,-44523.0,7927.473283092249,44728.0,0,rolling,net_profit_fitness,3_days,rep_3
1,1,0,86986,86986,125287,228.0,-256.1,-35.0,-5938.0,906.228074621573,6166.0,0,rolling,net_profit_fitness,3_days,rep_3
2,1,0,86986,86986,125287,228.0,-12.87,31.5,-1000.0,227.25714776904425,1228.0,1,rolling,net_profit_fitness,3_days,rep_3
3,1,0,86986,86986,125287,229.0,27.61,95.5,-2520.0,342.67506460054824,2749.0,0,rolling,net_profit_fitness,3_days,rep_3
4,1,0,86986,86986,125287,229.0,123.49,146.0,-1000.0,163.22955856057072,1229.0,1,rolling,net_profit_fitness,3_days,rep_3
5,1,0,86986,86986,125287,228.0,176.14,209.5,-6.0,55.33735290256145,234.0,2,rolling,net_profit_fitness,3_days,rep_3
6,1,0,86986,86986,125287,228.0,182.53,213.0,-48.0,66.07135032170399,276.0,3,rolling,net_profit_fitness,3_days,rep_3
7,1,0,86986,86986,125287,228.0,213.38,228.0,-108.0,47.99153544894636,336.0,4,rolling,net_profit_fitness,3_days,rep_3
8,1,0,86986,86986,125287,228.0,219.94,228.0,-78.0,37.089523147011846,306.0,5,rolling,net_profit_fitness,3_days,rep_3
9,1,0,86986,86986,125287,228.0,223.02,228.0,62.0,23.424488610568783,166.0,6,rolling,net_profit_fitness,3_days,rep_3
10,1,0,86986,86986,125287,228.0,219.72,228.0,-38.0,34.874980178119706,266.0,7,rolling,net_profit_fitness,3_days,rep_3
11,1,0,86986,86986,125287,228.0,216.05,228.0,-38.0,38.82422835125905,266.0,8,rolling,net_profit_fitness,3_days,rep_3
12,1,0,86986,86986,125287,228.0,219.31,228.0,54.0,32.245489857678024,174.0,9,rolling,net_profit_fitness,3_days,rep_3
13,1,0,86986,86986,125287,228.0,224.86,228.0,114.0,17.16586935482939,114.0,10,rolling,net_profit_fitness,3_days,rep_3
14,1,0,86986,86986,125287,228.0,221.57,228.0,95.0,24.906392429221537,133.0,11,rolling,net_profit_fitness,3_days,rep_3
15,1,0,86986,86986,125287,228.0,226.54,228.0,120.0,11.41275203843968,108.0,12,rolling,net_profit_fitness,3_days,rep_3
16,1,0,86986,86986,125287,228.0,222.34,228.0,-115.0,36.04913033597063,343.0,13,rolling,net_profit_fitness,3_days,rep_3
17,1,0,86986,86986,125287,228.0,224.18,228.0,120.0,18.26703162652445,108.0,14,rolling,net_profit_fitness,3_days,rep_3
18,1,0,86986,86986,125287,228.0,225.01,228.0,133.0,13.952658050230667,95.0,15,rolling,net_profit_fitness,3_days,rep_3
19,1,0,86986,86986,125287,228.0,223.5,228.0,120.0,19.959808100128104,108.0,16,rolling,net_profit_fitness,3_days,rep_3
20,1,0,86986,86986,125287,228.0,224.3,228.0,133.0,16.146113145180475,95.0,17,rolling,net_profit_fitness,3_days,rep_3
21,1,0,86986,86986,125287,228.0,221.64,228.0,32.0,26.898432232486275,196.0,18,rolling,net_profit_fitness,3_days,rep_3
22,1,0,86986,86986,125287,228.0,221.21,228.0,33.0,27.407252229062927,195.0,19,rolling,net_profit_fitness,3_days,rep_3
23,1,0,86986,86986,125287,228.0,223.53,228.0,133.0,18.400952434726047,95.0,20,rolling,net_profit_fitness,3_days,rep_3
24,1,0,86986,86986,125287,228.0,224.89,228.0,133.0,15.366167085811965,95.0,21,rolling,net_profit_fitness,3_days,rep_3
25,1,0,86986,86986,125287,228.0,225.35,228.0,143.0,13.567172948635314,85.0,22,rolling,net_profit_fitness,3_days,rep_3
26,1,0,86986,86986,125287,228.0,222.04,228.0,95.0,23.55861805897122,133.0,23,rolling,net_profit_fitness,3_days,rep_3
27,1,0,86986,86986,125287,228.0,222.19,228.0,114.0,21.04141899044152,114.0,24,rolling,net_profit_fitness,3_days,rep_3
28,1,0,86986,86986,125287,228.0,222.28,228.0,123.0,21.11157468922169,105.0,25,rolling,net_profit_fitness,3_days,rep_3
29,1,0,86986,86986,125287,228.0,223.48,228.0,95.0,19.75633385202648,133.0,26,rolling,net_profit_fitness,3_days,rep_3
30,1,0,86986,86986,125287,228.0,224.77,228.0,133.0,15.991067582379934,95.0,27,rolling,net_profit_fitness,3_days,rep_3
31,1,0,86986,86986,125287,228.0,227.0,228.0,143.0,8.616404368553292,85.0,28,rolling,net_profit_fitness,3_days,rep_3
32,1,0,86986,86986,125287,228.0,226.09,228.0,120.0,12.771571175976364,108.0,29,rolling,net_profit_fitness,3_days,rep_3
33,1,0,86986,86986,125287,228.0,221.34,228.0,72.0,24.87066342078351,156.0,30,rolling,net_profit_fitness,3_days,rep_3
34,1,0,86986,86986,125287,228.0,225.47,228.0,143.0,13.728577434819618,85.0,31,rolling,net_profit_fitness,3_days,rep_3
35,1,0,86986,86986,125287,228.0,226.21,228.0,140.0,11.644823708065278,88.0,32,rolling,net_profit_fitness,3_days,rep_3
36,1,0,86986,86986,125287,228.0,225.73,228.0,152.0,12.97305287933804,76.0,33,rolling,net_profit_fitness,3_days,rep_3
37,1,0,86986,86986,125287,228.0,224.63,228.0,143.0,15.19745792140012,85.0,34,rolling,net_profit_fitness,3_days,rep_3
38,1,0,86986,86986,125287,228.0,224.3,228.0,92.0,18.185075465803536,136.0,35,rolling,net_profit_fitness,3_days,rep_3
39,1,0,86986,86986,125287,228.0,223.83,228.0,92.0,19.04277746909241,136.0,36,rolling,net_profit_fitness,3_days,rep_3
40,1,0,86986,86986,125287,228.0,222.12,228.0,128.0,20.06971687277963,100.0,37,rolling,net_profit_fitness,3_days,rep_3
41,1,0,86986,86986,125287,228.0,223.43,228.0,112.0,18.97273695265782,116.0,38,rolling,net_profit_fitness,3_days,rep_3
42,1,0,86986,86986,125287,228.0,221.63,228.0,95.0,22.135786191211512,133.0,39,rolling,net_profit_fitness,3_days,rep_3
43,1,0,86986,86986,125287,228.0,223.93,228.0,92.0,19.23604308415204,136.0,40,rolling,net_profit_fitness,3_days,rep_3
44,1,0,86986,86986,125287,228.0,225.09,228.0,133.0,15.023950575966726,95.0,41,rolling,net_profit_fitness,3_days,rep_3
45,1,0,86986,86986,125287,228.0,224.61,228.0,112.0,17.151667469074166,116.0,42,rolling,net_profit_fitness,3_days,rep_3
46,1,0,86986,86986,125287,228.0,225.19,228.0,133.0,14.582883975760934,95.0,43,rolling,net_profit_fitness,3_days,rep_3
47,1,0,86986,86986,125287,228.0,225.59,228.0,138.0,13.101079452788722,90.0,44,rolling,net_profit_fitness,3_days,rep_3
48,1,0,86986,86986,125287,228.0,222.29,228.0,108.0,21.75218321795481,120.0,45,rolling,net_profit_fitness,3_days,rep_3
49,1,0,86986,86986,125287,228.0,227.0,228.0,143.0,8.616404368553292,85.0,46,rolling,net_profit_fitness,3_days,rep_3
50,1,0,86986,86986,125287,228.0,222.59,228.0,114.0,20.653512431486703,114.0,47,rolling,net_profit_fitness,3_days,rep_3
51,1,0,86986,86986,125287,228.0,222.87,228.0,128.0,20.11515083038884,100.0,48,rolling,net_profit_fitness,3_days,rep_3
52,1,0,86986,86986,125287,228.0,222.77,228.0,95.0,20.76606351573148,133.0,49,rolling,net_profit_fitness,3_days,rep_3
53,1,0,86986,86986,125287,228.0,225.4,228.0,143.0,14.079141387961917,85.0,50,rolling,net_profit_fitness,3_days,rep_3
54,1,0,86986,86986,125287,228.0,223.68,228.0,143.0,17.64628899093277,85.0,51,rolling,net_profit_fitness,3_days,rep_3
55,1,0,86986,86986,125287,228.0,224.64,228.0,95.0,17.255957835138588,133.0,52,rolling,net_profit_fitness,3_days,rep_3
56,1,0,86986,86986,125287,228.0,225.79,228.0,143.0,12.706711024120484,85.0,53,rolling,net_profit_fitness,3_days,rep_3
57,1,0,86986,86986,125287,228.0,223.2,228.0,152.0,17.419366906817924,76.0,54,rolling,net_profit_fitness,3_days,rep_3
58,1,0,86986,86986,125287,228.0,224.65,228.0,140.0,15.364510464644871,88.0,55,rolling,net_profit_fitness,3_days,rep_3
59,1,0,86986,86986,125287,228.0,222.67,228.0,114.0,21.07468920891896,114.0,56,rolling,net_profit_fitness,3_days,rep_3
60,1,0,86986,86986,125287,228.0,220.83,228.0,83.0,24.76599778859407,145.0,57,rolling,net_profit_fitness,3_days,rep_3
61,1,0,86986,86986,125287,228.0,224.17,228.0,114.0,16.488168393417656,114.0,58,rolling,net_profit_fitness,3_days,rep_3
62,1,0,86986,86986,125287,228.0,223.79,228.0,123.0,18.607750638870456,105.0,59,rolling,net_profit_fitness,3_days,rep_3
63,1,0,86986,86986,125287,228.0,224.23,228.0,112.0,18.772349642788758,116.0,60,rolling,net_profit_fitness,3_days,rep_3
64,1,0,86986,86986,125287,228.0,227.85,228.0,213.0,1.5,15.0,61,rolling,net_profit_fitness,3_days,rep_3
65,1,0,86986,86986,125287,228.0,226.17,228.0,143.0,10.993161326915745,85.0,62,rolling,net_profit_fitness,3_days,rep_3
66,1,0,86986,86986,125287,228.0,223.81,228.0,143.0,17.077183667695387,85.0,63,rolling,net_profit_fitness,3_days,rep_3
67,1,0,86986,86986,125287,228.0,226.24,228.0,153.0,9.686103760574014,75.0,64,rolling,net_profit_fitness,3_days,rep_3
68,1,0,86986,86986,125287,228.0,224.33,228.0,148.0,15.180433312509743,80.0,65,rolling,net_profit_fitness,3_days,rep_3
69,1,0,86986,86986,125287,228.0,225.99,228.0,133.0,12.180871740710366,95.0,66,rolling,net_profit_fitness,3_days,rep_3
70,1,0,86986,86986,125287,228.0,224.67,228.0,138.0,14.893599058968016,90.0,67,rolling,net_profit_fitness,3_days,rep_3
71,1,0,86986,86986,125287,228.0,225.95,228.0,138.0,12.453854216606391,90.0,68,rolling,net_profit_fitness,3_days,rep_3
72,1,0,86986,86986,125287,228.0,227.0,228.0,143.0,8.616404368553292,85.0,69,rolling,net_profit_fitness,3_days,rep_3
73,1,0,86986,86986,125287,228.0,225.16,228.0,143.0,14.516949341435968,85.0,70,rolling,net_profit_fitness,3_days,rep_3
74,1,0,86986,86986,125287,228.0,226.37,228.0,95.0,13.436461023963298,133.0,71,rolling,net_profit_fitness,3_days,rep_3
75,1,0,86986,86986,125287,228.0,226.32,228.0,143.0,10.913692632133584,85.0,72,rolling,net_profit_fitness,3_days,rep_3
76,1,0,86986,86986,125287,228.0,225.49,228.0,143.0,12.828704399340433,85.0,73,rolling,net_profit_fitness,3_days,rep_3
77,1,0,86986,86986,125287,228.0,224.59,228.0,140.0,16.124575008102358,88.0,74,rolling,net_profit_fitness,3_days,rep_3
78,1,0,86986,86986,125287,228.0,225.15,228.0,152.0,13.04256822326745,76.0,75,rolling,net_profit_fitness,3_days,rep_3
79,1,0,86986,86986,125287,228.0,226.32,228.0,143.0,10.913692632133584,85.0,76,rolling,net_profit_fitness,3_days,rep_3
80,1,0,86986,86986,125287,228.0,225.42,228.0,138.0,14.03759742313981,90.0,77,rolling,net_profit_fitness,3_days,rep_3
81,1,0,86986,86986,125287,228.0,222.55,228.0,112.0,20.181687368763424,116.0,78,rolling,net_profit_fitness,3_days,rep_3
82,1,0,86986,86986,125287,228.0,223.23,228.0,143.0,17.738763693497283,85.0,79,rolling,net_profit_fitness,3_days,rep_3
83,1,0,86986,86986,125287,228.0,225.44,228.0,133.0,13.663576886501328,95.0,80,rolling,net_profit_fitness,3_days,rep_3
84,1,0,86986,86986,125287,228.0,227.27,228.0,170.0,5.976139424765994,58.0,81,rolling,net_profit_fitness,3_days,rep_3
85,1,0,86986,86986,125287,228.0,223.46,228.0,112.0,17.499448764767052,116.0,82,rolling,net_profit_fitness,3_days,rep_3
86,1,0,86986,86986,125287,228.0,223.83,228.0,140.0,16.83314131303621,88.0,83,rolling,net_profit_fitness,3_days,rep_3
87,1,0,86986,86986,125287,228.0,227.85,228.0,213.0,1.5,15.0,84,rolling,net_profit_fitness,3_days,rep_3
88,1,0,86986,86986,125287,228.0,226.4,228.0,143.0,11.278835099961396,85.0,85,rolling,net_profit_fitness,3_days,rep_3
89,1,0,86986,86986,125287,228.0,226.54,228.0,112.0,11.76059161571029,116.0,86,rolling,net_profit_fitness,3_days,rep_3
90,1,0,86986,86986,125287,228.0,225.97,228.0,25.0,20.3,203.0,87,rolling,net_profit_fitness,3_days,rep_3
91,1,0,86986,86986,125287,228.0,225.92,228.0,143.0,12.497013784714872,85.0,88,rolling,net_profit_fitness,3_days,rep_3
92,1,0,86986,86986,125287,228.0,227.0,228.0,143.0,8.616404368553292,85.0,89,rolling,net_profit_fitness,3_days,rep_3
93,1,0,86986,86986,125287,228.0,226.47,228.0,143.0,10.83154297560247,85.0,90,rolling,net_profit_fitness,3_days,rep_3
94,1,0,86986,86986,125287,228.0,225.5,228.0,143.0,14.293107754891142,85.0,91,rolling,net_profit_fitness,3_days,rep_3
95,1,0,86986,86986,125287,228.0,223.79,228.0,52.0,21.86473337721193,176.0,92,rolling,net_profit_fitness,3_days,rep_3
96,1,0,86986,86986,125287,228.0,225.02,228.0,141.0,13.789162777377388,87.0,93,rolling,net_profit_fitness,3_days,rep_3
97,1,0,86986,86986,125287,228.0,224.01,228.0,133.0,17.45267482610785,95.0,94,rolling,net_profit_fitness,3_days,rep_3
98,1,0,86986,86986,125287,228.0,224.31,228.0,133.0,16.680415541174703,95.0,95,rolling,net_profit_fitness,3_days,rep_3
99,1,0,86986,86986,125287,228.0,220.63,228.0,95.0,23.213830342964062,133.0,96,rolling,net_profit_fitness,3_days,rep_3
100,1,0,86986,86986,125287,228.0,225.79,228.0,148.0,11.944564716331284,80.0,97,rolling,net_profit_fitness,3_days,rep_3
0,2,22406,125287,125287,130699,228.0,-5287.39,-1874.5,-32813.0,7133.433311243583,33041.0,0,rolling,net_profit_fitness,3_days,rep_3
1,2,22406,125287,125287,130699,311.0,-686.9,-225.0,-6012.0,1212.1666843743358,6323.0,0,rolling,net_profit_fitness,3_days,rep_3
2,2,22406,125287,125287,130699,418.0,-108.04,-45.0,-1512.0,289.1359443988837,1930.0,0,rolling,net_profit_fitness,3_days,rep_3
3,2,22406,125287,125287,130699,420.0,21.24,41.5,-1000.0,220.7544053348596,1420.0,0,rolling,net_profit_fitness,3_days,rep_3
4,2,22406,125287,125287,130699,444.0,76.88,86.0,-1030.0,239.98128209836648,1474.0,0,rolling,net_profit_fitness,3_days,rep_3
5,2,22406,125287,125287,130699,546.0,209.8,210.5,-22.0,125.59965257624214,568.0,0,rolling,net_profit_fitness,3_days,rep_3
6,2,22406,125287,125287,130699,487.0,261.11,277.5,-270.0,118.47105898987236,757.0,1,rolling,net_profit_fitness,3_days,rep_3
7,2,22406,125287,125287,130699,540.0,334.05,341.0,9.0,90.35400356152438,531.0,2,rolling,net_profit_fitness,3_days,rep_3
8,2,22406,125287,125287,130699,521.0,378.72,382.5,156.0,79.68651711614086,365.0,3,rolling,net_profit_fitness,3_days,rep_3
9,2,22406,125287,125287,130699,546.0,424.76,431.0,222.0,64.82612642034589,324.0,4,rolling,net_profit_fitness,3_days,rep_3
10,2,22406,125287,125287,130699,565.0,458.96,465.0,273.0,59.64641945276643,292.0,0,rolling,net_profit_fitness,3_days,rep_3
11,2,22406,125287,125287,130699,565.0,478.28,481.5,232.0,59.08068101068969,333.0,1,rolling,net_profit_fitness,3_days,rep_3
12,2,22406,125287,125287,130699,565.0,498.09,505.0,310.0,54.28117872371936,255.0,2,rolling,net_profit_fitness,3_days,rep_3
13,2,22406,125287,125287,130699,588.0,505.12,521.0,196.0,65.94599565882937,392.0,0,rolling,net_profit_fitness,3_days,rep_3
14,2,22406,125287,125287,130699,654.0,532.76,546.0,256.0,58.378098840596245,398.0,0,rolling,net_profit_fitness,3_days,rep_3
15,2,22406,125287,125287,130699,654.0,553.9,565.0,350.0,43.79762919647961,304.0,1,rolling,net_profit_fitness,3_days,rep_3
16,2,22406,125287,125287,130699,673.0,568.3,565.0,156.0,80.53125373594297,517.0,0,rolling,net_profit_fitness,3_days,rep_3
17,2,22406,125287,125287,130699,673.0,608.75,638.0,211.0,64.84454993725885,462.0,1,rolling,net_profit_fitness,3_days,rep_3
18,2,22406,125287,125287,130699,673.0,630.71,638.0,226.0,64.4421743765978,447.0,2,rolling,net_profit_fitness,3_days,rep_3
19,2,22406,125287,125287,130699,673.0,647.77,673.0,226.0,55.46695348847753,447.0,3,rolling,net_profit_fitness,3_days,rep_3
20,2,22406,125287,125287,130699,673.0,656.24,673.0,226.0,61.05571557225748,447.0,4,rolling,net_profit_fitness,3_days,rep_3
21,2,22406,125287,125287,130699,673.0,651.47,673.0,452.0,55.66575121729571,221.0,5,rolling,net_profit_fitness,3_days,rep_3
22,2,22406,125287,125287,130699,673.0,651.65,673.0,226.0,67.27095445384518,447.0,6,rolling,net_profit_fitness,3_days,rep_3
23,2,22406,125287,125287,130699,673.0,665.6,673.0,440.0,33.16655245906939,233.0,7,rolling,net_profit_fitness,3_days,rep_3
24,2,22406,125287,125287,130699,673.0,662.29,673.0,226.0,51.51724140145861,447.0,8,rolling,net_profit_fitness,3_days,rep_3
25,2,22406,125287,125287,130699,673.0,660.01,673.0,452.0,39.474450245978375,221.0,9,rolling,net_profit_fitness,3_days,rep_3
26,2,22406,125287,125287,130699,673.0,651.4,673.0,226.0,70.66237837188696,447.0,10,rolling,net_profit_fitness,3_days,rep_3
27,2,22406,125287,125287,130699,673.0,647.14,673.0,226.0,78.22591216044293,447.0,11,rolling,net_profit_fitness,3_days,rep_3
28,2,22406,125287,125287,130699,673.0,655.0,673.0,226.0,63.45108670496041,447.0,12,rolling,net_profit_fitness,3_days,rep_3
29,2,22406,125287,125287,130699,673.0,657.86,673.0,452.0,48.91407019075659,221.0,13,rolling,net_profit_fitness,3_days,rep_3
30,2,22406,125287,125287,130699,673.0,662.22,673.0,452.0,38.0729178118393,221.0,14,rolling,net_profit_fitness,3_days,rep_3
31,2,22406,125287,125287,130699,673.0,648.79,673.0,440.0,58.255323595983285,233.0,15,rolling,net_profit_fitness,3_days,rep_3
32,2,22406,125287,125287,130699,673.0,653.76,673.0,440.0,51.70313864219991,233.0,16,rolling,net_profit_fitness,3_days,rep_3
33,2,22406,125287,125287,130699,673.0,656.34,673.0,440.0,48.80350624926679,233.0,17,rolling,net_profit_fitness,3_days,rep_3
34,2,22406,125287,125287,130699,673.0,638.09,673.0,226.0,99.71667894894044,447.0,18,rolling,net_profit_fitness,3_days,rep_3
35,2,22406,125287,125287,130699,673.0,649.46,673.0,226.0,70.78355398785452,447.0,19,rolling,net_profit_fitness,3_days,rep_3
36,2,22406,125287,125287,130699,673.0,664.01,673.0,226.0,50.24294412495584,447.0,20,rolling,net_profit_fitness,3_days,rep_3
37,2,22406,125287,125287,130699,673.0,657.34,673.0,440.0,46.51972971251287,233.0,21,rolling,net_profit_fitness,3_days,rep_3
38,2,22406,125287,125287,130699,673.0,652.3,673.0,226.0,73.33188703807953,447.0,22,rolling,net_profit_fitness,3_days,rep_3
39,2,22406,125287,125287,130699,673.0,650.06,673.0,226.0,68.82077734187106,447.0,23,rolling,net_profit_fitness,3_days,rep_3
40,2,22406,125287,125287,130699,673.0,670.13,673.0,476.0,20.65476441234063,197.0,24,rolling,net_profit_fitness,3_days,rep_3
41,2,22406,125287,125287,130699,673.0,649.27,673.0,226.0,76.27314750489211,447.0,25,rolling,net_profit_fitness,3_days,rep_3
42,2,22406,125287,125287,130699,673.0,657.15,673.0,226.0,57.810273981168585,447.0,26,rolling,net_profit_fitness,3_days,rep_3
43,2,22406,125287,125287,130699,673.0,658.46,673.0,452.0,43.66132745521504,221.0,27,rolling,net_profit_fitness,3_days,rep_3
44,2,22406,125287,125287,130699,673.0,651.96,673.0,226.0,72.97002567126208,447.0,28,rolling,net_profit_fitness,3_days,rep_3
45,2,22406,125287,125287,130699,673.0,663.65,673.0,440.0,36.27208487823855,233.0,29,rolling,net_profit_fitness,3_days,rep_3
46,2,22406,125287,125287,130699,673.0,643.21,673.0,226.0,81.47061129665411,447.0,30,rolling,net_profit_fitness,3_days,rep_3
47,2,22406,125287,125287,130699,673.0,652.99,673.0,226.0,78.85051641805487,447.0,31,rolling,net_profit_fitness,3_days,rep_3
48,2,22406,125287,125287,130699,673.0,659.82,673.0,452.0,41.92667480979216,221.0,32,rolling,net_profit_fitness,3_days,rep_3
49,2,22406,125287,125287,130699,673.0,658.92,673.0,226.0,55.263497368644174,447.0,33,rolling,net_profit_fitness,3_days,rep_3
50,2,22406,125287,125287,130699,673.0,651.15,673.0,226.0,73.7058547898539,447.0,34,rolling,net_profit_fitness,3_days,rep_3
51,2,22406,125287,125287,130699,673.0,653.46,673.0,452.0,52.86468718828432,221.0,35,rolling,net_profit_fitness,3_days,rep_3
52,2,22406,125287,125287,130699,673.0,660.14,673.0,476.0,40.88071338996822,197.0,36,rolling,net_profit_fitness,3_days,rep_3
53,2,22406,125287,125287,130699,673.0,653.28,673.0,226.0,61.79733576029558,447.0,37,rolling,net_profit_fitness,3_days,rep_3
54,2,22406,125287,125287,130699,673.0,649.32,673.0,226.0,82.82766336304446,447.0,38,rolling,net_profit_fitness,3_days,rep_3
55,2,22406,125287,125287,130699,673.0,651.49,673.0,452.0,50.83613901844858,221.0,39,rolling,net_profit_fitness,3_days,rep_3
56,2,22406,125287,125287,130699,673.0,653.52,673.0,226.0,74.3346894834845,447.0,40,rolling,net_profit_fitness,3_days,rep_3
57,2,22406,125287,125287,130699,673.0,653.2,673.0,226.0,71.04373386310802,447.0,41,rolling,net_profit_fitness,3_days,rep_3
58,2,22406,125287,125287,130699,673.0,652.14,673.0,440.0,56.74024100666959,233.0,42,rolling,net_profit_fitness,3_days,rep_3
59,2,22406,125287,125287,130699,673.0,651.56,673.0,452.0,55.39141165242573,221.0,43,rolling,net_profit_fitness,3_days,rep_3
60,2,22406,125287,125287,130699,673.0,649.65,673.0,226.0,70.09868584770871,447.0,44,rolling,net_profit_fitness,3_days,rep_3
61,2,22406,125287,125287,130699,673.0,654.36,673.0,440.0,52.01563867402444,233.0,45,rolling,net_profit_fitness,3_days,rep_3
62,2,22406,125287,125287,130699,673.0,654.87,673.0,226.0,62.12965508035627,447.0,46,rolling,net_profit_fitness,3_days,rep_3
63,2,22406,125287,125287,130699,673.0,656.21,673.0,440.0,48.15364613779144,233.0,47,rolling,net_profit_fitness,3_days,rep_3
64,2,22406,125287,125287,130699,673.0,652.97,673.0,226.0,73.38035063002805,447.0,48,rolling,net_profit_fitness,3_days,rep_3
65,2,22406,125287,125287,130699,673.0,653.07,673.0,452.0,51.07041188101943,221.0,49,rolling,net_profit_fitness,3_days,rep_3
66,2,22406,125287,125287,130699,673.0,658.09,673.0,452.0,43.62676756860229,221.0,50,rolling,net_profit_fitness,3_days,rep_3
67,2,22406,125287,125287,130699,673.0,658.6,673.0,476.0,43.35733600970643,197.0,51,rolling,net_profit_fitness,3_days,rep_3
68,2,22406,125287,125287,130699,673.0,657.56,673.0,440.0,45.89608816763047,233.0,52,rolling,net_profit_fitness,3_days,rep_3
69,2,22406,125287,125287,130699,673.0,656.07,673.0,226.0,57.76672961580091,447.0,53,rolling,net_profit_fitness,3_days,rep_3
70,2,22406,125287,125287,130699,673.0,654.55,673.0,226.0,71.18469007455255,447.0,54,rolling,net_profit_fitness,3_days,rep_3
71,2,22406,125287,125287,130699,673.0,658.82,673.0,476.0,44.796144314600845,197.0,55,rolling,net_profit_fitness,3_days,rep_3
72,2,22406,125287,125287,130699,673.0,655.37,673.0,226.0,62.161350004190176,447.0,56,rolling,net_profit_fitness,3_days,rep_3
73,2,22406,125287,125287,130699,673.0,661.76,673.0,452.0,39.88648539507733,221.0,57,rolling,net_profit_fitness,3_days,rep_3
74,2,22406,125287,125287,130699,673.0,664.94,673.0,440.0,35.16047482470892,233.0,58,rolling,net_profit_fitness,3_days,rep_3
75,2,22406,125287,125287,130699,673.0,656.01,673.0,226.0,60.84978938900996,447.0,59,rolling,net_profit_fitness,3_days,rep_3
76,2,22406,125287,125287,130699,673.0,650.42,673.0,226.0,75.41055039655333,447.0,60,rolling,net_profit_fitness,3_days,rep_3
77,2,22406,125287,125287,130699,673.0,646.24,673.0,226.0,86.31643920347778,447.0,61,rolling,net_profit_fitness,3_days,rep_3
78,2,22406,125287,125287,130699,673.0,651.54,673.0,440.0,57.3795479700958,233.0,62,rolling,net_profit_fitness,3_days,rep_3
79,2,22406,125287,125287,130699,673.0,657.22,673.0,452.0,46.55692290848989,221.0,63,rolling,net_profit_fitness,3_days,rep_3
80,2,22406,125287,125287,130699,673.0,648.17,673.0,226.0,79.01400655784538,447.0,64,rolling,net_profit_fitness,3_days,rep_3
81,2,22406,125287,125287,130699,673.0,660.08,673.0,440.0,44.73032099327721,233.0,65,rolling,net_profit_fitness,3_days,rep_3
82,2,22406,125287,125287,130699,673.0,661.93,673.0,476.0,35.582669428197256,197.0,66,rolling,net_profit_fitness,3_days,rep_3
83,2,22406,125287,125287,130699,673.0,657.57,673.0,452.0,49.73632597219181,221.0,67,rolling,net_profit_fitness,3_days,rep_3
84,2,22406,125287,125287,130699,673.0,656.91,673.0,440.0,52.323796660503305,233.0,68,rolling,net_profit_fitness,3_days,rep_3
85,2,22406,125287,125287,130699,673.0,665.2,673.0,452.0,31.95388090749706,221.0,69,rolling,net_profit_fitness,3_days,rep_3
86,2,22406,125287,125287,130699,673.0,653.49,673.0,440.0,53.58340897303677,233.0,70,rolling,net_profit_fitness,3_days,rep_3
87,2,22406,125287,125287,130699,673.0,657.86,673.0,452.0,49.4296806922049,221.0,71,rolling,net_profit_fitness,3_days,rep_3
88,2,22406,125287,125287,130699,673.0,654.51,673.0,452.0,49.08670848096203,221.0,72,rolling,net_profit_fitness,3_days,rep_3
89,2,22406,125287,125287,130699,673.0,664.02,673.0,440.0,39.1853868866258,233.0,73,rolling,net_profit_fitness,3_days,rep_3
90,2,22406,125287,125287,130699,673.0,659.01,673.0,226.0,58.98184877441945,447.0,74,rolling,net_profit_fitness,3_days,rep_3
91,2,22406,125287,125287,130699,673.0,650.03,673.0,226.0,69.26708008742958,447.0,75,rolling,net_profit_fitness,3_days,rep_3
92,2,22406,125287,125287,130699,673.0,660.95,673.0,440.0,42.61298113974381,233.0,76,rolling,net_profit_fitness,3_days,rep_3
93,2,22406,125287,125287,130699,673.0,652.79,673.0,226.0,80.80520222776939,447.0,77,rolling,net_profit_fitness,3_days,rep_3
94,2,22406,125287,125287,130699,673.0,654.1,673.0,226.0,72.2053049339594,447.0,78,rolling,net_profit_fitness,3_days,rep_3
95,2,22406,125287,125287,130699,673.0,660.13,673.0,547.0,34.46346477126762,126.0,79,rolling,net_profit_fitness,3_days,rep_3
96,2,22406,125287,125287,130699,673.0,657.64,673.0,440.0,48.76298480270344,233.0,80,rolling,net_profit_fitness,3_days,rep_3
97,2,22406,125287,125287,130699,673.0,655.55,673.0,440.0,52.487877388281504,233.0,81,rolling,net_profit_fitness,3_days,rep_3
98,2,22406,125287,125287,130699,673.0,651.0,673.0,226.0,67.77875475368072,447.0,82,rolling,net_profit_fitness,3_days,rep_3
99,2,22406,125287,125287,130699,673.0,659.42,673.0,440.0,44.43021539902818,233.0,83,rolling,net_profit_fitness,3_days,rep_3
100,2,22406,125287,125287,130699,673.0,656.49,673.0,440.0,54.47054527935536,233.0,84,rolling,net_profit_fitness,3_days,rep_3
